--
-- PostgreSQL database dump
--

-- Dumped from database version 15.13 (Debian 15.13-0+deb12u1)
-- Dumped by pg_dump version 15.13 (Debian 15.13-0+deb12u1)

SET statement_timeout = 0;
SET lock_timeout = 0;
SET idle_in_transaction_session_timeout = 0;
SET client_encoding = 'UTF8';
SET standard_conforming_strings = on;
SELECT pg_catalog.set_config('search_path', '', false);
SET check_function_bodies = false;
SET xmloption = content;
SET client_min_messages = warning;
SET row_security = off;

SET default_tablespace = '';

SET default_table_access_method = heap;

--
-- Name: CrmModuleOne_activitylog; Type: TABLE; Schema: public; Owner: new_crmuser
--

CREATE TABLE public."CrmModuleOne_activitylog" (
    id bigint NOT NULL,
    action_type character varying(20) NOT NULL,
    description text NOT NULL,
    "timestamp" timestamp with time zone NOT NULL,
    user_id integer,
    client_id bigint
);


ALTER TABLE public."CrmModuleOne_activitylog" OWNER TO new_crmuser;

--
-- Name: CrmModuleOne_activitylog_id_seq; Type: SEQUENCE; Schema: public; Owner: new_crmuser
--

ALTER TABLE public."CrmModuleOne_activitylog" ALTER COLUMN id ADD GENERATED BY DEFAULT AS IDENTITY (
    SEQUENCE NAME public."CrmModuleOne_activitylog_id_seq"
    START WITH 1
    INCREMENT BY 1
    NO MINVALUE
    NO MAXVALUE
    CACHE 1
);


--
-- Name: CrmModuleOne_client; Type: TABLE; Schema: public; Owner: new_crmuser
--

CREATE TABLE public."CrmModuleOne_client" (
    id bigint NOT NULL,
    unique_id uuid NOT NULL,
    first_name character varying(50) NOT NULL,
    last_name character varying(50) NOT NULL,
    phone character varying(15) NOT NULL,
    birth_date date,
    email character varying(254),
    street character varying(100),
    house_number character varying(20),
    city character varying(100),
    postal_code character varying(10),
    postal character varying(100),
    has_different_investment_address boolean NOT NULL,
    investment_street character varying(100),
    investment_house_number character varying(20),
    investment_postal_code character varying(10),
    current_heating_source character varying(100),
    nip character varying(10),
    pesel character varying(11),
    id_card_number character varying(9),
    person_type character varying(20) NOT NULL,
    agreement_number character varying(50),
    agreement_date date,
    income_threshold character varying(10) NOT NULL,
    household_members integer,
    farm_conversion_hectares numeric(10,2),
    income_per_person numeric(10,2),
    marital_status character varying(50),
    is_sole_owner boolean,
    runs_business boolean,
    has_joint_property boolean,
    business_at_investment_address boolean,
    prefinancing boolean NOT NULL,
    status character varying(10) NOT NULL,
    potential character varying(10) NOT NULL,
    construction_permission_year integer,
    land_registry_number character varying(50),
    plot_number character varying(50),
    created_at timestamp with time zone NOT NULL,
    updated_at timestamp with time zone NOT NULL,
    milestone character varying(50) NOT NULL,
    modified_by_id integer,
    user_id integer NOT NULL,
    contract_value numeric(10,2),
    final_offer_id uuid,
    margin numeric(10,2)
);


ALTER TABLE public."CrmModuleOne_client" OWNER TO new_crmuser;

--
-- Name: CrmModuleOne_client_id_seq; Type: SEQUENCE; Schema: public; Owner: new_crmuser
--

ALTER TABLE public."CrmModuleOne_client" ALTER COLUMN id ADD GENERATED BY DEFAULT AS IDENTITY (
    SEQUENCE NAME public."CrmModuleOne_client_id_seq"
    START WITH 1
    INCREMENT BY 1
    NO MINVALUE
    NO MAXVALUE
    CACHE 1
);


--
-- Name: CrmModuleOne_clientfile; Type: TABLE; Schema: public; Owner: new_crmuser
--

CREATE TABLE public."CrmModuleOne_clientfile" (
    id bigint NOT NULL,
    file_type character varying(50) NOT NULL,
    file character varying(100) NOT NULL,
    uploaded_at timestamp with time zone NOT NULL,
    description text,
    author_id integer,
    client_id bigint NOT NULL,
    offer_id uuid
);


ALTER TABLE public."CrmModuleOne_clientfile" OWNER TO new_crmuser;

--
-- Name: CrmModuleOne_clientfile_id_seq; Type: SEQUENCE; Schema: public; Owner: new_crmuser
--

ALTER TABLE public."CrmModuleOne_clientfile" ALTER COLUMN id ADD GENERATED BY DEFAULT AS IDENTITY (
    SEQUENCE NAME public."CrmModuleOne_clientfile_id_seq"
    START WITH 1
    INCREMENT BY 1
    NO MINVALUE
    NO MAXVALUE
    CACHE 1
);


--
-- Name: CrmModuleOne_documenttemplate; Type: TABLE; Schema: public; Owner: new_crmuser
--

CREATE TABLE public."CrmModuleOne_documenttemplate" (
    id bigint NOT NULL,
    name character varying(255) NOT NULL,
    document_type character varying(50) NOT NULL,
    file character varying(100) NOT NULL,
    created_at timestamp with time zone NOT NULL,
    updated_at timestamp with time zone NOT NULL,
    description text,
    placeholders jsonb NOT NULL
);


ALTER TABLE public."CrmModuleOne_documenttemplate" OWNER TO new_crmuser;

--
-- Name: CrmModuleOne_documenttemplate_id_seq; Type: SEQUENCE; Schema: public; Owner: new_crmuser
--

ALTER TABLE public."CrmModuleOne_documenttemplate" ALTER COLUMN id ADD GENERATED BY DEFAULT AS IDENTITY (
    SEQUENCE NAME public."CrmModuleOne_documenttemplate_id_seq"
    START WITH 1
    INCREMENT BY 1
    NO MINVALUE
    NO MAXVALUE
    CACHE 1
);


--
-- Name: CrmModuleOne_informationpost; Type: TABLE; Schema: public; Owner: new_crmuser
--

CREATE TABLE public."CrmModuleOne_informationpost" (
    id bigint NOT NULL,
    title character varying(255) NOT NULL,
    content text NOT NULL,
    image character varying(100),
    cropping character varying(255) NOT NULL,
    mandatory_to_acknowledge boolean NOT NULL,
    created_at timestamp with time zone NOT NULL,
    updated_at timestamp with time zone NOT NULL,
    author_id integer NOT NULL
);


ALTER TABLE public."CrmModuleOne_informationpost" OWNER TO new_crmuser;

--
-- Name: CrmModuleOne_informationpost_acknowledged_by; Type: TABLE; Schema: public; Owner: new_crmuser
--

CREATE TABLE public."CrmModuleOne_informationpost_acknowledged_by" (
    id bigint NOT NULL,
    informationpost_id bigint NOT NULL,
    user_id integer NOT NULL
);


ALTER TABLE public."CrmModuleOne_informationpost_acknowledged_by" OWNER TO new_crmuser;

--
-- Name: CrmModuleOne_informationpost_acknowledged_by_id_seq; Type: SEQUENCE; Schema: public; Owner: new_crmuser
--

ALTER TABLE public."CrmModuleOne_informationpost_acknowledged_by" ALTER COLUMN id ADD GENERATED BY DEFAULT AS IDENTITY (
    SEQUENCE NAME public."CrmModuleOne_informationpost_acknowledged_by_id_seq"
    START WITH 1
    INCREMENT BY 1
    NO MINVALUE
    NO MAXVALUE
    CACHE 1
);


--
-- Name: CrmModuleOne_informationpost_id_seq; Type: SEQUENCE; Schema: public; Owner: new_crmuser
--

ALTER TABLE public."CrmModuleOne_informationpost" ALTER COLUMN id ADD GENERATED BY DEFAULT AS IDENTITY (
    SEQUENCE NAME public."CrmModuleOne_informationpost_id_seq"
    START WITH 1
    INCREMENT BY 1
    NO MINVALUE
    NO MAXVALUE
    CACHE 1
);


--
-- Name: CrmModuleOne_meeting; Type: TABLE; Schema: public; Owner: new_crmuser
--

CREATE TABLE public."CrmModuleOne_meeting" (
    id bigint NOT NULL,
    description text NOT NULL,
    meeting_date timestamp with time zone NOT NULL,
    occurred boolean NOT NULL,
    note text,
    note_added_at timestamp with time zone,
    author_id integer,
    client_id bigint NOT NULL
);


ALTER TABLE public."CrmModuleOne_meeting" OWNER TO new_crmuser;

--
-- Name: CrmModuleOne_meeting_id_seq; Type: SEQUENCE; Schema: public; Owner: new_crmuser
--

ALTER TABLE public."CrmModuleOne_meeting" ALTER COLUMN id ADD GENERATED BY DEFAULT AS IDENTITY (
    SEQUENCE NAME public."CrmModuleOne_meeting_id_seq"
    START WITH 1
    INCREMENT BY 1
    NO MINVALUE
    NO MAXVALUE
    CACHE 1
);


--
-- Name: CrmModuleOne_note; Type: TABLE; Schema: public; Owner: new_crmuser
--

CREATE TABLE public."CrmModuleOne_note" (
    id bigint NOT NULL,
    text text NOT NULL,
    added_date timestamp with time zone NOT NULL,
    is_important boolean NOT NULL,
    author_id integer,
    client_id bigint NOT NULL
);


ALTER TABLE public."CrmModuleOne_note" OWNER TO new_crmuser;

--
-- Name: CrmModuleOne_note_id_seq; Type: SEQUENCE; Schema: public; Owner: new_crmuser
--

ALTER TABLE public."CrmModuleOne_note" ALTER COLUMN id ADD GENERATED BY DEFAULT AS IDENTITY (
    SEQUENCE NAME public."CrmModuleOne_note_id_seq"
    START WITH 1
    INCREMENT BY 1
    NO MINVALUE
    NO MAXVALUE
    CACHE 1
);


--
-- Name: CrmModuleOne_notification; Type: TABLE; Schema: public; Owner: new_crmuser
--

CREATE TABLE public."CrmModuleOne_notification" (
    id bigint NOT NULL,
    notification_type character varying(10) NOT NULL,
    is_read boolean NOT NULL,
    created_at timestamp with time zone NOT NULL,
    title character varying(255),
    message text NOT NULL,
    recipient_id integer NOT NULL,
    user_id integer
);


ALTER TABLE public."CrmModuleOne_notification" OWNER TO new_crmuser;

--
-- Name: CrmModuleOne_notification_id_seq; Type: SEQUENCE; Schema: public; Owner: new_crmuser
--

ALTER TABLE public."CrmModuleOne_notification" ALTER COLUMN id ADD GENERATED BY DEFAULT AS IDENTITY (
    SEQUENCE NAME public."CrmModuleOne_notification_id_seq"
    START WITH 1
    INCREMENT BY 1
    NO MINVALUE
    NO MAXVALUE
    CACHE 1
);


--
-- Name: CrmModuleOne_offer; Type: TABLE; Schema: public; Owner: new_crmuser
--

CREATE TABLE public."CrmModuleOne_offer" (
    id uuid NOT NULL,
    created_at timestamp with time zone NOT NULL,
    status character varying(20) NOT NULL,
    total_price numeric(10,2) NOT NULL,
    must_payment numeric(10,2) NOT NULL,
    additional_terms text,
    client_id bigint NOT NULL,
    total_margin numeric(10,2) NOT NULL
);


ALTER TABLE public."CrmModuleOne_offer" OWNER TO new_crmuser;

--
-- Name: CrmModuleOne_offerproduct; Type: TABLE; Schema: public; Owner: new_crmuser
--

CREATE TABLE public."CrmModuleOne_offerproduct" (
    id bigint NOT NULL,
    quantity integer NOT NULL,
    price numeric(10,2) NOT NULL,
    vat_rate integer NOT NULL,
    offer_id uuid NOT NULL,
    product_id bigint NOT NULL,
    CONSTRAINT "CrmModuleOne_offerproduct_quantity_check" CHECK ((quantity >= 0)),
    CONSTRAINT "CrmModuleOne_offerproduct_vat_rate_check" CHECK ((vat_rate >= 0))
);


ALTER TABLE public."CrmModuleOne_offerproduct" OWNER TO new_crmuser;

--
-- Name: CrmModuleOne_offerproduct_id_seq; Type: SEQUENCE; Schema: public; Owner: new_crmuser
--

ALTER TABLE public."CrmModuleOne_offerproduct" ALTER COLUMN id ADD GENERATED BY DEFAULT AS IDENTITY (
    SEQUENCE NAME public."CrmModuleOne_offerproduct_id_seq"
    START WITH 1
    INCREMENT BY 1
    NO MINVALUE
    NO MAXVALUE
    CACHE 1
);


--
-- Name: CrmModuleOne_offerproduct_required_documents; Type: TABLE; Schema: public; Owner: new_crmuser
--

CREATE TABLE public."CrmModuleOne_offerproduct_required_documents" (
    id bigint NOT NULL,
    offerproduct_id bigint NOT NULL,
    documenttemplate_id bigint NOT NULL
);


ALTER TABLE public."CrmModuleOne_offerproduct_required_documents" OWNER TO new_crmuser;

--
-- Name: CrmModuleOne_offerproduct_required_documents_id_seq; Type: SEQUENCE; Schema: public; Owner: new_crmuser
--

ALTER TABLE public."CrmModuleOne_offerproduct_required_documents" ALTER COLUMN id ADD GENERATED BY DEFAULT AS IDENTITY (
    SEQUENCE NAME public."CrmModuleOne_offerproduct_required_documents_id_seq"
    START WITH 1
    INCREMENT BY 1
    NO MINVALUE
    NO MAXVALUE
    CACHE 1
);


--
-- Name: CrmModuleOne_parcel; Type: TABLE; Schema: public; Owner: new_crmuser
--

CREATE TABLE public."CrmModuleOne_parcel" (
    id bigint NOT NULL,
    voivodeship character varying(100) NOT NULL,
    county character varying(100) NOT NULL,
    town character varying(100) NOT NULL,
    precinct character varying(100) NOT NULL,
    plot_number character varying(100) NOT NULL,
    area numeric(10,2) NOT NULL,
    created_at timestamp with time zone NOT NULL,
    lead_id bigint NOT NULL,
    latitude double precision,
    longitude double precision
);


ALTER TABLE public."CrmModuleOne_parcel" OWNER TO new_crmuser;

--
-- Name: CrmModuleOne_parcel_id_seq; Type: SEQUENCE; Schema: public; Owner: new_crmuser
--

ALTER TABLE public."CrmModuleOne_parcel" ALTER COLUMN id ADD GENERATED BY DEFAULT AS IDENTITY (
    SEQUENCE NAME public."CrmModuleOne_parcel_id_seq"
    START WITH 1
    INCREMENT BY 1
    NO MINVALUE
    NO MAXVALUE
    CACHE 1
);


--
-- Name: CrmModuleOne_payment; Type: TABLE; Schema: public; Owner: new_crmuser
--

CREATE TABLE public."CrmModuleOne_payment" (
    id bigint NOT NULL,
    payment_type character varying(50) NOT NULL,
    amount numeric(10,2) NOT NULL,
    due_date date NOT NULL,
    payment_date date,
    status character varying(10) NOT NULL,
    note text,
    client_id bigint NOT NULL,
    invoice_file_id bigint
);


ALTER TABLE public."CrmModuleOne_payment" OWNER TO new_crmuser;

--
-- Name: CrmModuleOne_payment_id_seq; Type: SEQUENCE; Schema: public; Owner: new_crmuser
--

ALTER TABLE public."CrmModuleOne_payment" ALTER COLUMN id ADD GENERATED BY DEFAULT AS IDENTITY (
    SEQUENCE NAME public."CrmModuleOne_payment_id_seq"
    START WITH 1
    INCREMENT BY 1
    NO MINVALUE
    NO MAXVALUE
    CACHE 1
);


--
-- Name: CrmModuleOne_prelead; Type: TABLE; Schema: public; Owner: new_crmuser
--

CREATE TABLE public."CrmModuleOne_prelead" (
    id bigint NOT NULL,
    first_name character varying(50) NOT NULL,
    phone character varying(15) NOT NULL,
    city character varying(100),
    postal_code character varying(10),
    created_at timestamp with time zone NOT NULL,
    last_name character varying(50),
    note text,
    potential character varying(10) NOT NULL,
    email character varying(254),
    user_id integer,
    status character varying(4),
    log text
);


ALTER TABLE public."CrmModuleOne_prelead" OWNER TO new_crmuser;

--
-- Name: CrmModuleOne_prelead_id_seq; Type: SEQUENCE; Schema: public; Owner: new_crmuser
--

ALTER TABLE public."CrmModuleOne_prelead" ALTER COLUMN id ADD GENERATED BY DEFAULT AS IDENTITY (
    SEQUENCE NAME public."CrmModuleOne_prelead_id_seq"
    START WITH 1
    INCREMENT BY 1
    NO MINVALUE
    NO MAXVALUE
    CACHE 1
);


--
-- Name: CrmModuleOne_product; Type: TABLE; Schema: public; Owner: new_crmuser
--

CREATE TABLE public."CrmModuleOne_product" (
    id bigint NOT NULL,
    name character varying(255) NOT NULL,
    description text,
    unit character varying(3) NOT NULL,
    category_id bigint NOT NULL,
    required_fields_offer jsonb NOT NULL
);


ALTER TABLE public."CrmModuleOne_product" OWNER TO new_crmuser;

--
-- Name: CrmModuleOne_product_id_seq; Type: SEQUENCE; Schema: public; Owner: new_crmuser
--

ALTER TABLE public."CrmModuleOne_product" ALTER COLUMN id ADD GENERATED BY DEFAULT AS IDENTITY (
    SEQUENCE NAME public."CrmModuleOne_product_id_seq"
    START WITH 1
    INCREMENT BY 1
    NO MINVALUE
    NO MAXVALUE
    CACHE 1
);


--
-- Name: CrmModuleOne_product_required_documents; Type: TABLE; Schema: public; Owner: new_crmuser
--

CREATE TABLE public."CrmModuleOne_product_required_documents" (
    id bigint NOT NULL,
    product_id bigint NOT NULL,
    documenttemplate_id bigint NOT NULL
);


ALTER TABLE public."CrmModuleOne_product_required_documents" OWNER TO new_crmuser;

--
-- Name: CrmModuleOne_product_required_documents_id_seq; Type: SEQUENCE; Schema: public; Owner: new_crmuser
--

ALTER TABLE public."CrmModuleOne_product_required_documents" ALTER COLUMN id ADD GENERATED BY DEFAULT AS IDENTITY (
    SEQUENCE NAME public."CrmModuleOne_product_required_documents_id_seq"
    START WITH 1
    INCREMENT BY 1
    NO MINVALUE
    NO MAXVALUE
    CACHE 1
);


--
-- Name: CrmModuleOne_productattribute; Type: TABLE; Schema: public; Owner: new_crmuser
--

CREATE TABLE public."CrmModuleOne_productattribute" (
    id bigint NOT NULL,
    name character varying(100) NOT NULL,
    input_type character varying(20) NOT NULL,
    placeholder character varying(255),
    options text,
    price numeric(10,2) NOT NULL,
    product_id bigint NOT NULL
);


ALTER TABLE public."CrmModuleOne_productattribute" OWNER TO new_crmuser;

--
-- Name: CrmModuleOne_productattribute_id_seq; Type: SEQUENCE; Schema: public; Owner: new_crmuser
--

ALTER TABLE public."CrmModuleOne_productattribute" ALTER COLUMN id ADD GENERATED BY DEFAULT AS IDENTITY (
    SEQUENCE NAME public."CrmModuleOne_productattribute_id_seq"
    START WITH 1
    INCREMENT BY 1
    NO MINVALUE
    NO MAXVALUE
    CACHE 1
);


--
-- Name: CrmModuleOne_productcategory; Type: TABLE; Schema: public; Owner: new_crmuser
--

CREATE TABLE public."CrmModuleOne_productcategory" (
    id bigint NOT NULL,
    name character varying(255) NOT NULL
);


ALTER TABLE public."CrmModuleOne_productcategory" OWNER TO new_crmuser;

--
-- Name: CrmModuleOne_productcategory_id_seq; Type: SEQUENCE; Schema: public; Owner: new_crmuser
--

ALTER TABLE public."CrmModuleOne_productcategory" ALTER COLUMN id ADD GENERATED BY DEFAULT AS IDENTITY (
    SEQUENCE NAME public."CrmModuleOne_productcategory_id_seq"
    START WITH 1
    INCREMENT BY 1
    NO MINVALUE
    NO MAXVALUE
    CACHE 1
);


--
-- Name: CrmModuleOne_productconfiguration; Type: TABLE; Schema: public; Owner: new_crmuser
--

CREATE TABLE public."CrmModuleOne_productconfiguration" (
    id bigint NOT NULL,
    attributes text NOT NULL,
    price numeric(10,2) NOT NULL,
    unit character varying(20),
    product_id bigint NOT NULL
);


ALTER TABLE public."CrmModuleOne_productconfiguration" OWNER TO new_crmuser;

--
-- Name: CrmModuleOne_productconfiguration_id_seq; Type: SEQUENCE; Schema: public; Owner: new_crmuser
--

ALTER TABLE public."CrmModuleOne_productconfiguration" ALTER COLUMN id ADD GENERATED BY DEFAULT AS IDENTITY (
    SEQUENCE NAME public."CrmModuleOne_productconfiguration_id_seq"
    START WITH 1
    INCREMENT BY 1
    NO MINVALUE
    NO MAXVALUE
    CACHE 1
);


--
-- Name: CrmModuleOne_productdocumentrequirement; Type: TABLE; Schema: public; Owner: new_crmuser
--

CREATE TABLE public."CrmModuleOne_productdocumentrequirement" (
    id bigint NOT NULL,
    required_placeholders jsonb NOT NULL,
    document_id bigint NOT NULL,
    product_id bigint NOT NULL
);


ALTER TABLE public."CrmModuleOne_productdocumentrequirement" OWNER TO new_crmuser;

--
-- Name: CrmModuleOne_productdocumentrequirement_id_seq; Type: SEQUENCE; Schema: public; Owner: new_crmuser
--

ALTER TABLE public."CrmModuleOne_productdocumentrequirement" ALTER COLUMN id ADD GENERATED BY DEFAULT AS IDENTITY (
    SEQUENCE NAME public."CrmModuleOne_productdocumentrequirement_id_seq"
    START WITH 1
    INCREMENT BY 1
    NO MINVALUE
    NO MAXVALUE
    CACHE 1
);


--
-- Name: CrmModuleOne_profile; Type: TABLE; Schema: public; Owner: new_crmuser
--

CREATE TABLE public."CrmModuleOne_profile" (
    id bigint NOT NULL,
    profile_image character varying(100),
    first_name character varying(50),
    last_name character varying(50),
    phone_number character varying(20),
    address text,
    current_contract_number character varying(1000),
    user_id integer NOT NULL
);


ALTER TABLE public."CrmModuleOne_profile" OWNER TO new_crmuser;

--
-- Name: CrmModuleOne_profile_id_seq; Type: SEQUENCE; Schema: public; Owner: new_crmuser
--

ALTER TABLE public."CrmModuleOne_profile" ALTER COLUMN id ADD GENERATED BY DEFAULT AS IDENTITY (
    SEQUENCE NAME public."CrmModuleOne_profile_id_seq"
    START WITH 1
    INCREMENT BY 1
    NO MINVALUE
    NO MAXVALUE
    CACHE 1
);


--
-- Name: CrmModuleOne_subsidyoption; Type: TABLE; Schema: public; Owner: new_crmuser
--

CREATE TABLE public."CrmModuleOne_subsidyoption" (
    id bigint NOT NULL,
    name character varying(255) NOT NULL,
    program_id bigint NOT NULL
);


ALTER TABLE public."CrmModuleOne_subsidyoption" OWNER TO new_crmuser;

--
-- Name: CrmModuleOne_subsidyoption_id_seq; Type: SEQUENCE; Schema: public; Owner: new_crmuser
--

ALTER TABLE public."CrmModuleOne_subsidyoption" ALTER COLUMN id ADD GENERATED BY DEFAULT AS IDENTITY (
    SEQUENCE NAME public."CrmModuleOne_subsidyoption_id_seq"
    START WITH 1
    INCREMENT BY 1
    NO MINVALUE
    NO MAXVALUE
    CACHE 1
);


--
-- Name: CrmModuleOne_subsidyproductcriteria; Type: TABLE; Schema: public; Owner: new_crmuser
--

CREATE TABLE public."CrmModuleOne_subsidyproductcriteria" (
    id bigint NOT NULL,
    max_subsidy_amount numeric(10,2),
    max_subsidy_percentage numeric(5,2),
    second_max_subsidy_amount numeric(10,2),
    second_max_subsidy_percentage numeric(5,2),
    option_id bigint NOT NULL,
    product_id bigint NOT NULL
);


ALTER TABLE public."CrmModuleOne_subsidyproductcriteria" OWNER TO new_crmuser;

--
-- Name: CrmModuleOne_subsidyproductcriteria_id_seq; Type: SEQUENCE; Schema: public; Owner: new_crmuser
--

ALTER TABLE public."CrmModuleOne_subsidyproductcriteria" ALTER COLUMN id ADD GENERATED BY DEFAULT AS IDENTITY (
    SEQUENCE NAME public."CrmModuleOne_subsidyproductcriteria_id_seq"
    START WITH 1
    INCREMENT BY 1
    NO MINVALUE
    NO MAXVALUE
    CACHE 1
);


--
-- Name: CrmModuleOne_subsidyprogram; Type: TABLE; Schema: public; Owner: new_crmuser
--

CREATE TABLE public."CrmModuleOne_subsidyprogram" (
    id bigint NOT NULL,
    name character varying(255) NOT NULL
);


ALTER TABLE public."CrmModuleOne_subsidyprogram" OWNER TO new_crmuser;

--
-- Name: CrmModuleOne_subsidyprogram_id_seq; Type: SEQUENCE; Schema: public; Owner: new_crmuser
--

ALTER TABLE public."CrmModuleOne_subsidyprogram" ALTER COLUMN id ADD GENERATED BY DEFAULT AS IDENTITY (
    SEQUENCE NAME public."CrmModuleOne_subsidyprogram_id_seq"
    START WITH 1
    INCREMENT BY 1
    NO MINVALUE
    NO MAXVALUE
    CACHE 1
);


--
-- Name: CrmModuleOne_task; Type: TABLE; Schema: public; Owner: new_crmuser
--

CREATE TABLE public."CrmModuleOne_task" (
    id bigint NOT NULL,
    text text NOT NULL,
    added_date timestamp with time zone NOT NULL,
    due_date timestamp with time zone,
    completed boolean NOT NULL,
    completed_at timestamp with time zone,
    author_id integer,
    client_id bigint NOT NULL
);


ALTER TABLE public."CrmModuleOne_task" OWNER TO new_crmuser;

--
-- Name: CrmModuleOne_task_id_seq; Type: SEQUENCE; Schema: public; Owner: new_crmuser
--

ALTER TABLE public."CrmModuleOne_task" ALTER COLUMN id ADD GENERATED BY DEFAULT AS IDENTITY (
    SEQUENCE NAME public."CrmModuleOne_task_id_seq"
    START WITH 1
    INCREMENT BY 1
    NO MINVALUE
    NO MAXVALUE
    CACHE 1
);


--
-- Name: auth_group; Type: TABLE; Schema: public; Owner: new_crmuser
--

CREATE TABLE public.auth_group (
    id integer NOT NULL,
    name character varying(150) NOT NULL
);


ALTER TABLE public.auth_group OWNER TO new_crmuser;

--
-- Name: auth_group_id_seq; Type: SEQUENCE; Schema: public; Owner: new_crmuser
--

ALTER TABLE public.auth_group ALTER COLUMN id ADD GENERATED BY DEFAULT AS IDENTITY (
    SEQUENCE NAME public.auth_group_id_seq
    START WITH 1
    INCREMENT BY 1
    NO MINVALUE
    NO MAXVALUE
    CACHE 1
);


--
-- Name: auth_group_permissions; Type: TABLE; Schema: public; Owner: new_crmuser
--

CREATE TABLE public.auth_group_permissions (
    id bigint NOT NULL,
    group_id integer NOT NULL,
    permission_id integer NOT NULL
);


ALTER TABLE public.auth_group_permissions OWNER TO new_crmuser;

--
-- Name: auth_group_permissions_id_seq; Type: SEQUENCE; Schema: public; Owner: new_crmuser
--

ALTER TABLE public.auth_group_permissions ALTER COLUMN id ADD GENERATED BY DEFAULT AS IDENTITY (
    SEQUENCE NAME public.auth_group_permissions_id_seq
    START WITH 1
    INCREMENT BY 1
    NO MINVALUE
    NO MAXVALUE
    CACHE 1
);


--
-- Name: auth_permission; Type: TABLE; Schema: public; Owner: new_crmuser
--

CREATE TABLE public.auth_permission (
    id integer NOT NULL,
    name character varying(255) NOT NULL,
    content_type_id integer NOT NULL,
    codename character varying(100) NOT NULL
);


ALTER TABLE public.auth_permission OWNER TO new_crmuser;

--
-- Name: auth_permission_id_seq; Type: SEQUENCE; Schema: public; Owner: new_crmuser
--

ALTER TABLE public.auth_permission ALTER COLUMN id ADD GENERATED BY DEFAULT AS IDENTITY (
    SEQUENCE NAME public.auth_permission_id_seq
    START WITH 1
    INCREMENT BY 1
    NO MINVALUE
    NO MAXVALUE
    CACHE 1
);


--
-- Name: auth_user; Type: TABLE; Schema: public; Owner: new_crmuser
--

CREATE TABLE public.auth_user (
    id integer NOT NULL,
    password character varying(128) NOT NULL,
    last_login timestamp with time zone,
    is_superuser boolean NOT NULL,
    username character varying(150) NOT NULL,
    first_name character varying(150) NOT NULL,
    last_name character varying(150) NOT NULL,
    email character varying(254) NOT NULL,
    is_staff boolean NOT NULL,
    is_active boolean NOT NULL,
    date_joined timestamp with time zone NOT NULL
);


ALTER TABLE public.auth_user OWNER TO new_crmuser;

--
-- Name: auth_user_groups; Type: TABLE; Schema: public; Owner: new_crmuser
--

CREATE TABLE public.auth_user_groups (
    id bigint NOT NULL,
    user_id integer NOT NULL,
    group_id integer NOT NULL
);


ALTER TABLE public.auth_user_groups OWNER TO new_crmuser;

--
-- Name: auth_user_groups_id_seq; Type: SEQUENCE; Schema: public; Owner: new_crmuser
--

ALTER TABLE public.auth_user_groups ALTER COLUMN id ADD GENERATED BY DEFAULT AS IDENTITY (
    SEQUENCE NAME public.auth_user_groups_id_seq
    START WITH 1
    INCREMENT BY 1
    NO MINVALUE
    NO MAXVALUE
    CACHE 1
);


--
-- Name: auth_user_id_seq; Type: SEQUENCE; Schema: public; Owner: new_crmuser
--

ALTER TABLE public.auth_user ALTER COLUMN id ADD GENERATED BY DEFAULT AS IDENTITY (
    SEQUENCE NAME public.auth_user_id_seq
    START WITH 1
    INCREMENT BY 1
    NO MINVALUE
    NO MAXVALUE
    CACHE 1
);


--
-- Name: auth_user_user_permissions; Type: TABLE; Schema: public; Owner: new_crmuser
--

CREATE TABLE public.auth_user_user_permissions (
    id bigint NOT NULL,
    user_id integer NOT NULL,
    permission_id integer NOT NULL
);


ALTER TABLE public.auth_user_user_permissions OWNER TO new_crmuser;

--
-- Name: auth_user_user_permissions_id_seq; Type: SEQUENCE; Schema: public; Owner: new_crmuser
--

ALTER TABLE public.auth_user_user_permissions ALTER COLUMN id ADD GENERATED BY DEFAULT AS IDENTITY (
    SEQUENCE NAME public.auth_user_user_permissions_id_seq
    START WITH 1
    INCREMENT BY 1
    NO MINVALUE
    NO MAXVALUE
    CACHE 1
);


--
-- Name: django_admin_log; Type: TABLE; Schema: public; Owner: new_crmuser
--

CREATE TABLE public.django_admin_log (
    id integer NOT NULL,
    action_time timestamp with time zone NOT NULL,
    object_id text,
    object_repr character varying(200) NOT NULL,
    action_flag smallint NOT NULL,
    change_message text NOT NULL,
    content_type_id integer,
    user_id integer NOT NULL,
    CONSTRAINT django_admin_log_action_flag_check CHECK ((action_flag >= 0))
);


ALTER TABLE public.django_admin_log OWNER TO new_crmuser;

--
-- Name: django_admin_log_id_seq; Type: SEQUENCE; Schema: public; Owner: new_crmuser
--

ALTER TABLE public.django_admin_log ALTER COLUMN id ADD GENERATED BY DEFAULT AS IDENTITY (
    SEQUENCE NAME public.django_admin_log_id_seq
    START WITH 1
    INCREMENT BY 1
    NO MINVALUE
    NO MAXVALUE
    CACHE 1
);


--
-- Name: django_content_type; Type: TABLE; Schema: public; Owner: new_crmuser
--

CREATE TABLE public.django_content_type (
    id integer NOT NULL,
    app_label character varying(100) NOT NULL,
    model character varying(100) NOT NULL
);


ALTER TABLE public.django_content_type OWNER TO new_crmuser;

--
-- Name: django_content_type_id_seq; Type: SEQUENCE; Schema: public; Owner: new_crmuser
--

ALTER TABLE public.django_content_type ALTER COLUMN id ADD GENERATED BY DEFAULT AS IDENTITY (
    SEQUENCE NAME public.django_content_type_id_seq
    START WITH 1
    INCREMENT BY 1
    NO MINVALUE
    NO MAXVALUE
    CACHE 1
);


--
-- Name: django_migrations; Type: TABLE; Schema: public; Owner: new_crmuser
--

CREATE TABLE public.django_migrations (
    id bigint NOT NULL,
    app character varying(255) NOT NULL,
    name character varying(255) NOT NULL,
    applied timestamp with time zone NOT NULL
);


ALTER TABLE public.django_migrations OWNER TO new_crmuser;

--
-- Name: django_migrations_id_seq; Type: SEQUENCE; Schema: public; Owner: new_crmuser
--

ALTER TABLE public.django_migrations ALTER COLUMN id ADD GENERATED BY DEFAULT AS IDENTITY (
    SEQUENCE NAME public.django_migrations_id_seq
    START WITH 1
    INCREMENT BY 1
    NO MINVALUE
    NO MAXVALUE
    CACHE 1
);


--
-- Name: django_session; Type: TABLE; Schema: public; Owner: new_crmuser
--

CREATE TABLE public.django_session (
    session_key character varying(40) NOT NULL,
    session_data text NOT NULL,
    expire_date timestamp with time zone NOT NULL
);


ALTER TABLE public.django_session OWNER TO new_crmuser;

--
-- Name: easy_thumbnails_source; Type: TABLE; Schema: public; Owner: new_crmuser
--

CREATE TABLE public.easy_thumbnails_source (
    id integer NOT NULL,
    storage_hash character varying(40) NOT NULL,
    name character varying(255) NOT NULL,
    modified timestamp with time zone NOT NULL
);


ALTER TABLE public.easy_thumbnails_source OWNER TO new_crmuser;

--
-- Name: easy_thumbnails_source_id_seq; Type: SEQUENCE; Schema: public; Owner: new_crmuser
--

ALTER TABLE public.easy_thumbnails_source ALTER COLUMN id ADD GENERATED BY DEFAULT AS IDENTITY (
    SEQUENCE NAME public.easy_thumbnails_source_id_seq
    START WITH 1
    INCREMENT BY 1
    NO MINVALUE
    NO MAXVALUE
    CACHE 1
);


--
-- Name: easy_thumbnails_thumbnail; Type: TABLE; Schema: public; Owner: new_crmuser
--

CREATE TABLE public.easy_thumbnails_thumbnail (
    id integer NOT NULL,
    storage_hash character varying(40) NOT NULL,
    name character varying(255) NOT NULL,
    modified timestamp with time zone NOT NULL,
    source_id integer NOT NULL
);


ALTER TABLE public.easy_thumbnails_thumbnail OWNER TO new_crmuser;

--
-- Name: easy_thumbnails_thumbnail_id_seq; Type: SEQUENCE; Schema: public; Owner: new_crmuser
--

ALTER TABLE public.easy_thumbnails_thumbnail ALTER COLUMN id ADD GENERATED BY DEFAULT AS IDENTITY (
    SEQUENCE NAME public.easy_thumbnails_thumbnail_id_seq
    START WITH 1
    INCREMENT BY 1
    NO MINVALUE
    NO MAXVALUE
    CACHE 1
);


--
-- Name: easy_thumbnails_thumbnaildimensions; Type: TABLE; Schema: public; Owner: new_crmuser
--

CREATE TABLE public.easy_thumbnails_thumbnaildimensions (
    id integer NOT NULL,
    thumbnail_id integer NOT NULL,
    width integer,
    height integer,
    CONSTRAINT easy_thumbnails_thumbnaildimensions_height_check CHECK ((height >= 0)),
    CONSTRAINT easy_thumbnails_thumbnaildimensions_width_check CHECK ((width >= 0))
);


ALTER TABLE public.easy_thumbnails_thumbnaildimensions OWNER TO new_crmuser;

--
-- Name: easy_thumbnails_thumbnaildimensions_id_seq; Type: SEQUENCE; Schema: public; Owner: new_crmuser
--

ALTER TABLE public.easy_thumbnails_thumbnaildimensions ALTER COLUMN id ADD GENERATED BY DEFAULT AS IDENTITY (
    SEQUENCE NAME public.easy_thumbnails_thumbnaildimensions_id_seq
    START WITH 1
    INCREMENT BY 1
    NO MINVALUE
    NO MAXVALUE
    CACHE 1
);


--
-- Data for Name: CrmModuleOne_activitylog; Type: TABLE DATA; Schema: public; Owner: new_crmuser
--

COPY public."CrmModuleOne_activitylog" (id, action_type, description, "timestamp", user_id, client_id) FROM stdin;
6	add_meeting	 o 16:00 dnia 31.05.2025 z Danusia Pie	2025-05-30 11:26:21.549467+00	1	36
7	add_meeting	 o 17:00 dnia 02.06.2025 z Jan 606	2025-06-01 10:59:37.011479+00	1	37
8	add_meeting	 o 12:00 dnia 01.06.2025 z Artur Pakulski	2025-06-01 11:00:13.405782+00	1	38
9	add_meeting	 o 12:00 dnia 02.06.2025 z Artur Pakulski	2025-06-01 11:01:27.982989+00	1	38
10	add_meeting	 o 12:30 dnia 02.06.2025 z Leszek Berlik	2025-06-02 07:19:34.538757+00	1	39
11	add_note	Połajewo	2025-06-02 07:20:01.286617+00	1	39
12	add_meeting	 o 10:00 dnia 06.06.2025 z Wacław Rutkowski	2025-06-05 07:50:24.754701+00	1	40
13	add_meeting	 o 14:00 dnia 05.06.2025 z Radosław Borecki	2025-06-05 08:07:01.975506+00	1	41
14	add_meeting	 o 14:00 dnia 06.06.2025 z Radosław Borecki	2025-06-05 08:07:25.649451+00	1	41
16	add_note	No 6.06	2025-06-06 14:22:03.443996+00	1	37
17	add_meeting	 o 13:30 dnia 11.06.2025 z Rafał Hadaś	2025-06-10 09:55:30.834869+00	1	44
18	add_meeting	 o 10:00 dnia 12.06.2025 z Marek Tymecki	2025-06-10 09:56:08.210913+00	1	43
20	edit_client	Edytowano dane klienta: {'first_name': {'old': 'Wacław', 'new': 'Waclaw'}}	2025-06-10 09:58:11.797786+00	1	40
21	add_meeting	 o 10:00 dnia 11.06.2025 z Sławomir Dankowski	2025-06-10 18:40:39.080074+00	1	46
22	edit_client	Edytowano dane klienta: {'first_name': {'old': 'Sławomir', 'new': 'Slawomir'}}	2025-06-12 15:06:27.809046+00	1	46
23	edit_client	Edytowano dane klienta: {'first_name': {'old': 'Rafał', 'new': 'Rafal'}, 'last_name': {'old': 'Hadaś', 'new': 'Hadas'}}	2025-06-12 15:14:55.875699+00	1	44
24	add_note	Polecenie\r\nobręb Polskie Łąki\r\npowiat Świecki\r\n193...	2025-06-13 11:19:59.112053+00	1	48
26	add_meeting	 o 16:00 dnia 17.06.2025 z Maciej Rogalski	2025-06-16 10:06:09.835243+00	1	49
28	add_meeting	 o 12:11 dnia 18.06.2025 z Leszek Andrzejewski	2025-06-16 10:11:15.168188+00	1	50
29	add_note	gawroniec 53 86-122 Bukowiec	2025-06-17 08:08:14.221417+00	1	48
30	edit_client	Edytowano dane klienta: {'last_name': {'old': 'Jeż', 'new': 'Jez'}}	2025-06-20 07:00:04.460197+00	1	51
31	edit_client	Edytowano dane klienta: {'last_name': {'old': 'Płucisz', 'new': 'Plucisz'}}	2025-07-07 10:03:43.532411+00	1	57
32	edit_client	Edytowano dane klienta: {'last_name': {'old': '', 'new': 'Dworczak'}}	2025-07-18 13:59:39.536435+00	1	67
33	edit_client	Edytowano dane klienta: {'first_name': {'old': 'Małgorzata', 'new': 'Malgorzata'}}	2025-07-18 14:02:15.310201+00	1	68
34	add_note	Promienista 16, Margonin 64-830	2025-07-31 10:49:49.356418+00	1	75
\.


--
-- Data for Name: CrmModuleOne_client; Type: TABLE DATA; Schema: public; Owner: new_crmuser
--

COPY public."CrmModuleOne_client" (id, unique_id, first_name, last_name, phone, birth_date, email, street, house_number, city, postal_code, postal, has_different_investment_address, investment_street, investment_house_number, investment_postal_code, current_heating_source, nip, pesel, id_card_number, person_type, agreement_number, agreement_date, income_threshold, household_members, farm_conversion_hectares, income_per_person, marital_status, is_sole_owner, runs_business, has_joint_property, business_at_investment_address, prefinancing, status, potential, construction_permission_year, land_registry_number, plot_number, created_at, updated_at, milestone, modified_by_id, user_id, contract_value, final_offer_id, margin) FROM stdin;
59	54b64cb6-5014-4089-9ccc-797f6a3637f6	Zbyszek	Sarzała	509400070	\N	zbyszeksarzala43@gmail.com	\N	\N	\N	\N	\N	f	\N	\N	\N	\N	\N	\N	\N	individual	\N	\N	basic	\N	\N	\N	\N	f	f	f	f	f	lead	high	\N	\N	\N	2025-07-09 08:32:02.096865+00	2025-07-09 08:32:02.096888+00	lead	1	1	\N	\N	\N
35	9e70bcab-7b9e-426b-8d76-938d4e1b51f8	Mirosław	Słodkowski	722049494	\N	miciuss28@gmail.com	\N	\N	\N	\N	\N	f	\N	\N	\N	\N	\N	\N	\N	individual	\N	\N	basic	\N	\N	\N	\N	f	f	f	f	f	lead	medium	\N	\N	\N	2025-05-23 10:10:56.648538+00	2025-05-23 10:10:56.648549+00	lead	1	1	\N	\N	\N
36	bea72e98-9cf7-4f4f-b88a-ffe73eada25a	Danusia	Pie	691898238	\N	pkajozef@gmail.com	\N	\N	\N	\N	\N	f	\N	\N	\N	\N	\N	\N	\N	individual	\N	\N	basic	\N	\N	\N	\N	f	f	f	f	f	lead	high	\N	\N	\N	2025-05-30 11:25:43.963235+00	2025-05-30 11:25:43.963253+00	lead	1	1	\N	\N	\N
37	84ae7e63-3430-471c-9a58-1a8589e9775a	Jan	606	606782613	\N	jan.z.ratajczak@wp.pl	\N	\N	\N	\N	\N	f	\N	\N	\N	\N	\N	\N	\N	individual	\N	\N	basic	\N	\N	\N	\N	f	f	f	f	f	lead	high	\N	\N	\N	2025-06-01 10:59:04.788589+00	2025-06-01 10:59:04.788605+00	lead	1	1	\N	\N	\N
38	241a9eac-1a58-408e-8830-e408dd83b70f	Artur	Pakulski	663456597	\N	artur.pakulski90@wp.pl	\N	\N	\N	\N	\N	f	\N	\N	\N	\N	\N	\N	\N	individual	\N	\N	basic	\N	\N	\N	\N	f	f	f	f	f	lead	medium	\N	\N	\N	2025-06-01 10:59:11.318953+00	2025-06-01 10:59:11.318969+00	lead	1	1	\N	\N	\N
39	66cad1cc-0ca0-425e-85d1-7dcd2b93b396	Leszek	Berlik	507127030	\N	leszekberlik@gmail.com	\N	\N	\N	\N	\N	f	\N	\N	\N	\N	\N	\N	\N	individual	\N	\N	basic	\N	\N	\N	\N	f	f	f	f	f	client	very_high	\N	\N	\N	2025-06-02 07:17:15.704752+00	2025-06-02 18:18:09.541385+00	lead	1	1	\N	\N	5400.00
41	3a16bb90-1eb8-41b3-be9d-32e9ec88d1cb	Radosław	Borecki	519620152	\N	radoslawborecki@wp.pl	\N	\N	\N	\N	\N	f	\N	\N	\N	\N	\N	\N	\N	individual	\N	\N	basic	\N	\N	\N	\N	f	f	f	f	f	lead	high	\N	\N	\N	2025-06-05 08:05:46.914972+00	2025-06-05 08:05:46.914987+00	lead	1	1	\N	\N	\N
60	8d9acc08-260c-4949-8edf-81180d43cf31	Mariusz	Wozniak	607935708	\N	mariuszwoz80@poczta.fm	\N	\N	\N	\N	\N	f	\N	\N	\N	\N	\N	\N	\N	individual	\N	\N	basic	\N	\N	\N	\N	f	f	f	f	f	lead	medium	\N	\N	\N	2025-07-09 08:32:36.174308+00	2025-07-09 08:32:36.174323+00	lead	1	1	\N	\N	\N
46	7a6a1ade-da52-4565-91c3-1f999d947aca	Slawomir	Dankowski	697660323	\N	slawomirdankowski25@gmail.com	\N	\N	\N	\N	\N	f	\N	\N	\N	\N	\N	\N	\N	individual	\N	\N	basic	\N	\N	\N	\N	f	f	f	f	f	client	very_high	\N	\N	\N	2025-06-10 18:39:21.314973+00	2025-06-12 15:06:27.810211+00	lead	1	1	\N	\N	\N
61	4965a02d-e93b-4a89-a493-6d723a961c8d	Jerzy	Ignaczak	691055227	\N	jerzyignaczak@o2.pl	\N	\N	\N	\N	\N	f	\N	\N	\N	\N	\N	\N	\N	individual	\N	\N	basic	\N	\N	\N	\N	f	f	f	f	f	lead	high	\N	\N	\N	2025-07-09 08:32:46.404993+00	2025-07-09 08:32:46.40501+00	lead	1	1	\N	\N	\N
44	2b331505-d5be-49af-bd13-1076ac501aa8	Rafal	Hadas	698688287	\N	rafal_hadas@poczta.onet.pl	\N	\N	\N	\N	\N	f	\N	\N	\N	\N	\N	\N	\N	individual	\N	\N	basic	\N	\N	\N	\N	f	f	f	f	f	client	medium	\N	\N	\N	2025-06-10 09:54:50.576124+00	2025-06-12 15:14:55.877609+00	lead	1	1	\N	\N	\N
40	e910a670-2ff3-4d20-b0b8-b22432169e8e	Waclaw	Rutkowski	693401577	\N	waclaw.rutkowski60@gmail.com	\N	\N	\N	\N	\N	f	\N	\N	\N	\N	\N	\N	\N	individual	\N	\N	basic	\N	\N	\N	\N	f	f	f	f	f	client	high	\N	\N	\N	2025-06-05 07:49:43.012562+00	2025-06-12 15:15:22.22419+00	lead	1	1	\N	\N	\N
49	fd235e93-e299-4e67-a6ab-da8afbb2f3ae	Maciej	Rogalski	693319167	\N	rogalskimaciej35@gmail.com	\N	\N	\N	\N	\N	f	\N	\N	\N	\N	\N	\N	\N	individual	\N	\N	basic	\N	\N	\N	\N	f	f	f	f	f	lead	very_high	\N	\N	\N	2025-06-16 10:05:45.079294+00	2025-06-16 10:05:45.079313+00	lead	1	1	\N	\N	\N
62	5a9b1664-ae02-4585-804c-b16d886a7aff	Krzysztof	Kubasik	888988275	\N	kubasik.krzysztof05@o2.pl	\N	\N	\N	\N	\N	f	\N	\N	\N	\N	\N	\N	\N	individual	\N	\N	basic	\N	\N	\N	\N	f	f	f	f	f	lead	medium	\N	\N	\N	2025-07-09 08:32:54.986692+00	2025-07-09 08:32:54.986712+00	lead	1	1	\N	\N	\N
51	e6e63a26-f570-48ad-a762-185e057f0b4a	Marek	Jez	507656764	\N	marekjez123@wp.pl	\N	\N	\N	\N	\N	f	\N	\N	\N	\N	\N	\N	\N	individual	\N	\N	basic	\N	\N	\N	\N	f	f	f	f	f	client	medium	\N	\N	\N	2025-06-16 10:11:48.1695+00	2025-06-20 07:00:10.925851+00	lead	1	1	\N	\N	\N
53	f436e561-d093-4803-aac5-353ef304808e	Tomasz	Peroń	606275415	\N	tomasz-pwp.pl@wp.pl	\N	\N	\N	\N	\N	f	\N	\N	\N	\N	\N	\N	\N	individual	\N	\N	basic	\N	\N	\N	\N	f	f	f	f	f	lead	medium	\N	\N	\N	2025-06-23 09:47:50.760732+00	2025-06-23 09:47:50.760746+00	lead	1	1	\N	\N	\N
43	674680fc-b7da-4d15-b9f1-0d627694ba52	Marek	Tymecki	536594619	\N	mar.tym77@wp.pl	\N	\N	\N	\N	\N	f	\N	\N	\N	\N	\N	\N	\N	individual	\N	\N	basic	\N	\N	\N	\N	f	f	f	f	f	client	medium	\N	\N	\N	2025-06-07 09:51:38.07086+00	2025-06-23 09:53:18.205701+00	lead	1	1	\N	\N	\N
50	9088ddbb-fd03-4830-a3a2-e278f6fa5b9c	Leszek	Andrzejewski	691028979	\N	julia-kostrzewa@wp.pl	\N	\N	\N	\N	\N	f	\N	\N	\N	\N	\N	\N	\N	individual	\N	\N	basic	\N	\N	\N	\N	f	f	f	f	f	offer	medium	\N	\N	\N	2025-06-16 10:10:31.300553+00	2025-06-23 10:29:08.713773+00	lead	1	1	\N	\N	\N
55	932bfeba-2ec2-44bf-b1d4-99dec96c875c	Maciej	Ziętkiewicz	782985717	\N	maciejj.zietkiewicz@gmail.com	\N	\N	\N	\N	\N	f	\N	\N	\N	\N	\N	\N	\N	individual	\N	\N	basic	\N	\N	\N	\N	f	f	f	f	f	lead	very_high	\N	\N	\N	2025-06-24 17:36:56.953779+00	2025-06-24 17:36:56.953797+00	lead	1	1	\N	\N	\N
52	d62a5d76-9c58-4620-8c7f-357dc8352c87	Aneta	Kois	604065601	\N	aneta310303@wp.pl	\N	\N	\N	\N	\N	f	\N	\N	\N	\N	\N	\N	\N	individual	\N	\N	basic	\N	\N	\N	\N	f	f	f	f	f	client	low	\N	\N	\N	2025-06-23 09:33:28.508509+00	2025-06-30 07:45:02.768243+00	lead	1	1	\N	\N	\N
54	e2bf8995-de75-4c6c-b5f7-8c46c2182bd9	Eugeniusz	Lis	884439020	\N	eugeniuszl405@gmail.com	\N	\N	\N	\N	\N	f	\N	\N	\N	\N	\N	\N	\N	individual	\N	\N	basic	\N	\N	\N	\N	f	f	f	f	f	offer	very_high	\N	\N	\N	2025-06-24 17:35:18.426345+00	2025-06-30 07:45:30.99923+00	lead	1	1	\N	\N	\N
56	6449877e-b2df-40cb-bd5c-a8486a8f90c5	Jacek	Bresz	695921871	\N	jacekmarzec57@gmail.com	\N	\N	\N	\N	\N	f	\N	\N	\N	\N	\N	\N	\N	individual	\N	\N	basic	\N	\N	\N	\N	f	f	f	f	f	client	medium	\N	\N	\N	2025-06-27 06:42:08.111629+00	2025-06-30 07:45:57.683634+00	lead	1	1	\N	\N	\N
58	99283461-8118-4d7e-9699-92ed2e25943b	Jan	Maternowski	577789175	\N	janmaternowski56@wp.pl	\N	\N	\N	\N	\N	f	\N	\N	\N	\N	\N	\N	\N	individual	\N	\N	basic	\N	\N	\N	\N	f	f	f	f	f	client	high	\N	\N	\N	2025-07-02 19:50:32.123506+00	2025-07-07 10:03:17.240033+00	lead	1	1	\N	\N	\N
57	92b5d8d4-20b3-4f27-826c-b0e7227c85ce	Joanna	Plucisz	609152867	\N	joannabuczek8@gmail.com	\N	\N	\N	\N	\N	f	\N	\N	\N	\N	\N	\N	\N	individual	\N	\N	basic	\N	\N	\N	\N	f	f	f	f	f	offer	high	\N	\N	\N	2025-06-30 09:52:38.471356+00	2025-07-07 10:03:43.533556+00	lead	1	1	\N	\N	\N
48	f76bd393-2653-4a30-b36a-d7111ab736b6	Beata	Jaworska	537911030	\N	\N	\N	\N	\N	\N	\N	f	\N	\N	\N	\N	\N	\N	\N	individual	\N	\N	basic	\N	\N	\N	\N	f	f	f	f	f	client	low	\N	\N	\N	2025-06-13 11:18:48.580821+00	2025-07-07 10:04:17.841973+00	lead	\N	1	\N	\N	\N
63	568459ed-c5a7-48fe-9c09-61d229725fb8	Darek	Pawlik	514014700	\N	pawlikkrzysiek9@gmail.com	\N	\N	\N	\N	\N	f	\N	\N	\N	\N	\N	\N	\N	individual	\N	\N	basic	\N	\N	\N	\N	f	f	f	f	f	client	medium	\N	\N	\N	2025-07-10 15:51:59.88778+00	2025-07-14 08:29:52.937764+00	lead	1	1	\N	\N	\N
64	4cfacf5e-2cb7-47d1-bb6c-e6eb18843c5a	Bogdan	Malocha	502 238 146	\N	\N	Sługocice	211	Sługocice	97-200	Tomaszów Mazowiecki	f	\N	\N	\N	\N	\N	\N	\N	individual	\N	\N	basic	\N	\N	\N	\N	f	f	f	f	f	client	low	\N	\N	\N	2025-07-14 11:11:28.754058+00	2025-07-14 11:11:42.325647+00	lead	\N	1	\N	\N	\N
66	823f480f-b715-4ce4-bb0d-9d51b3aaa9db	Tomasz	Lendzioszek	501293783	\N	jutrzenka3@vp.pl	\N	\N	\N	\N	\N	f	\N	\N	\N	\N	\N	\N	\N	individual	\N	\N	basic	\N	\N	\N	\N	f	f	f	f	f	offer	medium	\N	\N	\N	2025-07-14 11:58:42.364027+00	2025-07-14 12:00:43.408894+00	lead	1	1	\N	\N	\N
67	58c7ecc9-82b7-4e86-af96-ffad3fc41f90	Anna	Dworczak	601776240	\N	anja.dwk@gmail.com	\N	\N	\N	\N	\N	f	\N	\N	\N	\N	\N	\N	\N	individual	\N	\N	basic	\N	\N	\N	\N	f	f	f	f	f	client	very_high	\N	\N	\N	2025-07-16 13:17:10.136402+00	2025-07-18 13:59:39.538071+00	lead	1	1	\N	\N	\N
65	97c38600-ac6e-47c8-b291-7be97789cde9	Piotr	Czeczot	602157088	\N	piotrczeczot07@gmail.com	\N	\N	\N	\N	\N	f	\N	\N	\N	\N	\N	\N	\N	individual	\N	\N	basic	\N	\N	\N	\N	f	f	f	f	f	client	high	\N	\N	\N	2025-07-14 11:58:33.953998+00	2025-07-18 14:00:07.120879+00	lead	1	1	\N	\N	\N
68	657a6a73-c124-4165-9847-80aa175cedab	Malgorzata	Biernacka	507374890	\N	mbiernacka28@wp.pl	\N	\N	\N	\N	\N	f	\N	\N	\N	\N	\N	\N	\N	individual	\N	\N	basic	\N	\N	\N	\N	f	f	f	f	f	client	medium	\N	\N	\N	2025-07-18 14:01:07.302215+00	2025-07-18 14:02:15.311671+00	lead	1	1	\N	\N	\N
69	cd2690aa-5f57-474f-a158-9dfdbf4f2215	Rafal	Grzesik	508355143	\N	rafalspce1976@gmail.com	\N	\N	\N	\N	\N	f	\N	\N	\N	\N	\N	\N	\N	individual	\N	\N	basic	\N	\N	\N	\N	f	f	f	f	f	client	high	\N	\N	\N	2025-07-18 14:01:54.073635+00	2025-07-18 14:02:24.530317+00	lead	1	1	\N	\N	\N
70	8d056426-042e-4c8c-84ad-9fd14c6ce91a	Ireneusz	Duczmiński	608479135	\N	ireneusz.duczminski@op.pl	\N	\N	\N	\N	\N	f	\N	\N	\N	\N	\N	\N	\N	individual	\N	\N	basic	\N	\N	\N	\N	f	f	f	f	f	lead	medium	\N	\N	\N	2025-07-28 10:45:41.391575+00	2025-07-28 10:45:41.391597+00	lead	1	1	\N	\N	\N
71	29d078df-1e3b-4778-9e8c-94d86c3755a2	Maciej	Huchwajda	501328319	\N	huchwajda@vp.pl	\N	\N	\N	\N	\N	f	\N	\N	\N	\N	\N	\N	\N	individual	\N	\N	basic	\N	\N	\N	\N	f	f	f	f	f	lead	medium	\N	\N	\N	2025-07-28 11:25:00.790044+00	2025-07-28 11:25:00.790058+00	lead	1	1	\N	\N	\N
72	f1847a9a-0128-40b8-9845-f10fa79595ca	Józef	Hetmanowski	517217542	\N	jozefhetmanowski1965@gmail.com	\N	\N	\N	\N	\N	f	\N	\N	\N	\N	\N	\N	\N	individual	\N	\N	basic	\N	\N	\N	\N	f	f	f	f	f	lead	medium	\N	\N	\N	2025-07-28 11:26:23.943901+00	2025-07-28 11:26:23.943924+00	lead	1	1	\N	\N	\N
73	33a3f7a9-a817-4a01-933a-7bef57262cc4	Ryszard	Niedzielski	606106849	\N	ryszard-niedzielski@wp.pl	\N	\N	\N	\N	\N	f	\N	\N	\N	\N	\N	\N	\N	individual	\N	\N	basic	\N	\N	\N	\N	f	f	f	f	f	lead	medium	\N	\N	\N	2025-07-30 20:20:17.10708+00	2025-07-30 20:20:17.107095+00	lead	1	1	\N	\N	\N
74	55af6dbb-8984-4807-9cba-1d43da3f5f6b	Władysław	Walewander	604585989	\N	wwalewander@interia.pl	\N	\N	\N	\N	\N	f	\N	\N	\N	\N	\N	\N	\N	individual	\N	\N	basic	\N	\N	\N	\N	f	f	f	f	f	lead	high	\N	\N	\N	2025-07-30 20:20:22.103843+00	2025-07-30 20:20:22.10386+00	lead	1	1	\N	\N	\N
75	8b005ab7-89a4-4f33-98a5-e513464f807e	Jan	Szymborski	694246590	\N	janszymb@gmail.com	\N	\N	\N	\N	\N	f	\N	\N	\N	\N	\N	\N	\N	individual	\N	\N	basic	\N	\N	\N	\N	f	f	f	f	f	lead	high	\N	\N	\N	2025-07-30 20:20:42.572709+00	2025-07-30 20:20:42.572723+00	lead	1	1	\N	\N	\N
76	98ba39e0-05a8-4db7-b331-7b6e47f34cc3	Alicja	Mandelt	501123394	\N	smandelt@wp.pl	\N	\N	\N	\N	\N	f	\N	\N	\N	\N	\N	\N	\N	individual	\N	\N	basic	\N	\N	\N	\N	f	f	f	f	f	lead	high	\N	\N	\N	2025-08-07 08:29:06.51002+00	2025-08-07 08:29:06.510043+00	lead	1	1	\N	\N	\N
77	f5ef5433-a505-418f-9e41-96aef2780549	Wojtek	Mislisz	607564493	\N	z.mislisz@wp.pl	\N	\N	\N	\N	\N	f	\N	\N	\N	\N	\N	\N	\N	individual	\N	\N	basic	\N	\N	\N	\N	f	f	f	f	f	lead	medium	\N	\N	\N	2025-08-07 08:29:39.239683+00	2025-08-07 08:29:39.239705+00	lead	1	1	\N	\N	\N
78	344f4b93-8936-4817-860b-fa5bf354b93c	Henryk	Cierocki	696482514	\N	henryk_cierocki@wp.pl	\N	\N	\N	\N	\N	f	\N	\N	\N	\N	\N	\N	\N	individual	\N	\N	basic	\N	\N	\N	\N	f	f	f	f	f	lead	very_high	\N	\N	\N	2025-08-07 08:29:51.362809+00	2025-08-07 08:29:51.362824+00	lead	1	1	\N	\N	\N
79	707adfb2-4546-4dfe-aeec-8fd53d2b5e39	Edward	Piekarski	605436938	\N	edward-piekarski@wp.pl	\N	\N	\N	\N	\N	f	\N	\N	\N	\N	\N	\N	\N	individual	\N	\N	basic	\N	\N	\N	\N	f	f	f	f	f	lead	medium	\N	\N	\N	2025-08-07 08:30:36.413113+00	2025-08-07 08:30:36.413127+00	lead	1	1	\N	\N	\N
\.


--
-- Data for Name: CrmModuleOne_clientfile; Type: TABLE DATA; Schema: public; Owner: new_crmuser
--

COPY public."CrmModuleOne_clientfile" (id, file_type, file, uploaded_at, description, author_id, client_id, offer_id) FROM stdin;
\.


--
-- Data for Name: CrmModuleOne_documenttemplate; Type: TABLE DATA; Schema: public; Owner: new_crmuser
--

COPY public."CrmModuleOne_documenttemplate" (id, name, document_type, file, created_at, updated_at, description, placeholders) FROM stdin;
\.


--
-- Data for Name: CrmModuleOne_informationpost; Type: TABLE DATA; Schema: public; Owner: new_crmuser
--

COPY public."CrmModuleOne_informationpost" (id, title, content, image, cropping, mandatory_to_acknowledge, created_at, updated_at, author_id) FROM stdin;
\.


--
-- Data for Name: CrmModuleOne_informationpost_acknowledged_by; Type: TABLE DATA; Schema: public; Owner: new_crmuser
--

COPY public."CrmModuleOne_informationpost_acknowledged_by" (id, informationpost_id, user_id) FROM stdin;
\.


--
-- Data for Name: CrmModuleOne_meeting; Type: TABLE DATA; Schema: public; Owner: new_crmuser
--

COPY public."CrmModuleOne_meeting" (id, description, meeting_date, occurred, note, note_added_at, author_id, client_id) FROM stdin;
4	Nie mam adresu	2025-06-01 10:00:00+00	f	błąd	2025-06-01 11:01:06.633298+00	1	38
5	Nie mam adresu	2025-06-02 10:00:00+00	f	Chce przełożyć	2025-06-02 07:48:40.127962+00	1	38
6	Tarnówko 47,	2025-06-02 10:30:00+00	t	Umowa spisana na magazyn 5kw - marża 5400 na pół z Kamilem	2025-06-02 18:14:44.941001+00	1	39
3	Głuchowo, kościańska 24 64-020	2025-06-02 15:00:00+00	t	Był syn, maja umowę u prawniczki Ani	2025-06-02 18:15:04.659158+00	1	37
2	Podipisanie umowy } będzie też córka	2025-05-31 14:00:00+00	f	Kamil nie podjechał	2025-06-02 18:19:07.673207+00	1	36
8	56-410 Dobroszyce\r\nul. Górna 28	2025-06-05 12:00:00+00	f	Błąd	2025-06-05 08:07:13.511393+00	1	41
9	56-410 Dobroszyce\r\nul. Górna 28	2025-06-06 12:00:00+00	t	Dzwonić w poniedziałek	2025-06-06 14:22:45.985779+00	1	41
7	Karski, 64-410 Ostów Wielkopolski ul. środkowa 37	2025-06-06 08:00:00+00	t	Umów klima 2.5 kw 11869	2025-06-06 14:23:38.504243+00	1	40
13	Sitowiec 3 86-010 koronowa. 10:00	2025-06-11 08:00:00+00	t	Umowa	2025-06-12 08:11:23.613583+00	1	46
10	Rolna 8, Szamocin na 13:30.	2025-06-11 11:30:00+00	t	Umowa, ale nie wiadomo czy zostanie.	2025-06-12 08:13:23.913843+00	1	44
11	Łęg 9, 63-304 Czernin czwartek 10:00	2025-06-12 08:00:00+00	f	Przełożyłem	2025-06-12 08:15:22.530494+00	1	43
14	Godz. 16:00 Brzoza 38, 64-553 Grzebienisko	2025-06-17 14:00:00+00	f	Przełożył	2025-06-17 18:03:00.596248+00	1	49
16	Dąbrowa 40, 62-720 Brudzew	2025-06-18 10:11:00+00	t	Ma jeszcze przeanalizować temat z prawnikiem.	2025-06-20 07:09:53.53507+00	1	50
\.


--
-- Data for Name: CrmModuleOne_note; Type: TABLE DATA; Schema: public; Owner: new_crmuser
--

COPY public."CrmModuleOne_note" (id, text, added_date, is_important, author_id, client_id) FROM stdin;
6	None woj. lubuskie powiat wschowa gm sława ob przybyszów nr.działek 301 blisko zabudowan czysty teren nasłonieczniny i 272 około 2.5 ha łaka transformator około 500 m i jest duza trafostacja około 1.5 km klasa 4/5/6 jest oczko wodne i przy oczku jest troszke 3 klasy gosciu starszy w okolicy sa juz farmy w okolicy miły dopowiadał i z checia mowił jak wyglada to w okolicy w zwiazku z farmami ale temat taki (średni -) zlozył kilka formularzy 29.05 godz 1 Przybyszów 66 67-410 sława	2025-05-23 10:10:56.651989+00	f	1	35
7	woj. Pomorskie | gmina Kościerzyna, 7000 m2 , 120/7 120/6 Nowy Port  83-423 | 400 M\r\n\r\nJózef Pietruszka\r\n83-423 wielki klincz \r\nwielki podleś 39\r\n\r\nUmówiony na 16 w sobotę	2025-05-30 11:25:43.971776+00	f	1	36
8	mial 3 firmy nie wzial nic pod uwage prawnik weryfikuje firmy 4 kl ostrozny wszystko przez prawnika. Umowa wysłana Głuchowo, kościańska 24 64-020	2025-06-01 10:59:04.792528+00	f	1	37
9	Pozytywny bez zbędnych pytań Kontakt 26.05. Umowa wysłana	2025-06-01 10:59:11.321766+00	f	1	38
10	26.05 w okolicach jest transformator i linie średniego napięcia młody gość klasy od 4 do 6 są uprawiane rozmawiał z jedną firma we wrześniu wygasa umowa ale jest na 30 miesięcy jest bardzo chętny ma 10 kw foto i magazyn 10 kw i chce pogadać o większym bardzo kontaktowy pozytywny idzie się dogadać   | aldonaleszek!@o2.pl	2025-06-02 07:17:15.707427+00	f	1	39
11	Połajewo	2025-06-02 07:20:01.282177+00	f	1	39
12	Ma propozycje 36 tys jest 200m do średniego napięcia działka niby atrakcyjna rozmowy się toczą nie ma umów gość miły konkretny ale nie wiem czy dojdzie do skutku 26.05 | janina.rutkowska@poczta.onet.pl\r\n\r\nKarski, 64-410 Ostów Wielkopolski\r\nul. środkowa 37	2025-06-05 07:49:43.015318+00	f	1	40
13	26.05 Kontakt Wysłał kilka formularze ale jesteśmy pierwsi z kontaktem klasa 5/6 nie ma umów linia wysokiego napięcia idzie przez działkę 119 bardzo fajny gość myślę że do zrobienia ma foto pompę nie ma magazynu ma kilka budynków z foto i magazynami pawlikkrzysiek9@gmail.com | NO 3.06\r\n\r\n56-410 Dobroszyce\r\nul. Górna 28	2025-06-05 08:05:46.918022+00	f	1	41
16	No 6.06	2025-06-06 14:22:03.436492+00	f	1	37
17	Nie weryfikował 26.05 chętny na siano ale trochę bez życia wydaje mi się że może kręcić nosem. \r\n\r\nŁęg 9, 63-304 Czernin czwartek 10:00.	2025-06-07 09:51:38.074208+00	f	1	43
18	klasa 5 | do lini średniego napięcia około 100 m | 13 km. | NO 3.06 \r\n\r\nRolna 8, Szamocin na 13:30.	2025-06-10 09:54:50.578646+00	f	1	44
20	Jest droga dojazdowa. droga polna, Do słupa jest 500 metrów. Fajny. Sitowiec 3 86-010 koronowa. 10:00	2025-06-10 18:39:21.317539+00	f	1	46
22	Polecenie\r\nobręb Polskie Łąki\r\npowiat Świecki\r\n193 - 0.5 ha\r\n124/1 - 0.7 ha	2025-06-13 11:19:59.110027+00	f	1	48
24	Wielkopolska, Fajny ma przesłać numer ksiegi wieczystej. Maciejrogalski41@gmail.com | 7.06 Na poniedziałek telefon. Godz. 16:00 \r\n\r\nBrzoza 38, 64-553 Grzebienisko	2025-06-16 10:05:45.082393+00	f	1	49
25	klasa 5/6, drogi dojazdowe gruntowe. Linie idą przez działkę. .\r\nDąbrowa 40,  62-720 Brudzew	2025-06-16 10:10:31.303124+00	f	1	50
26	27.05 po 16 dzwonić None wszystkie 3 działki mają około 1 ha łącznie są przyległe do siebie nie ma umów klasy od 4 do 6 mało rozmowny średni temat. przymiłowice ul. Energetyków 2/3, 42-256 Olsztyn.	2025-06-16 10:11:48.172172+00	f	1	51
27	gawroniec 53 86-122 Bukowiec	2025-06-17 08:08:14.215501+00	f	1	48
28	Wysłałem umowę. Jacek. Dzwonić w piątek 20.06. Jest teraz za granicą. Latowice, ul. środkowa 8, 63-405 | 25.06 - 17:30 	2025-06-23 09:33:28.511017+00	f	1	52
29	13.05.2025 - 0,76 ha pow. grodziski, Wielkopolska, wielichowo, 963, klasa 4 | 0,8 ha 905. działka 665 Umowa wtrzeba wysłać, kontakt umówiony na 26.05 23/05 nie odebrał | Wysłałem umowę 28.05 ma dać znać\r\nWielichowo ul. Ogrodowa 10 godz. 	2025-06-23 09:47:50.763278+00	f	1	53
30	klasa 5,6 | | około 500 metrów i transfomator. Gdyby nie odbierał to SMS. | 3.06 - wysłałem SMS \r\n  63-330 Dobrzyca, Sośnica 10	2025-06-24 17:35:18.428926+00	f	1	54
31	Na działce 68/43 stoi wiatrak pan jest chętny 133 działka 1,3 ha ale połowa dziko zarośnięta Olszyna 88/2 która jest samosiejka i można wyciąć bez pozwoleń 88/1 kuzynki kawalek moze poddzierzawic foto ma i do rozmowy chętnie na temat magazynu spoko gość i jest bardzo chętny 5 klasa ziemi. 29.05 kontakt. W razie, czego to go budzić.\r\n\r\nBożykowo ul. Wrzesińska 40, 82-307	2025-06-24 17:36:56.956801+00	f	1	55
32	27.05 Już mu zakładane foto chce magazyny 4,5,6 chce siano potencjał do zrobienia będzie miał wiatraki. 7.06 Ma zadzwonić jak dojdzie umowa\r\n\r\nWysłać umowę.\r\nJacek Bresz\r\nStrzępin 19,\r\n62-066 Granowo	2025-06-27 06:42:08.115423+00	f	1	56
33	27.05 babeczka starsza ucieszona do przerobienia nie mają siana więc pójdą w to | NO 3.06 | 13.06 dzwonić po weekendzie. czwartek 13:30 Czajcze 69 89-320 Wysoka	2025-06-30 09:52:38.474374+00	f	1	57
34	Klasa 4,5,6 | linia średniego napięcia idzie przez działkę | NO 3.06 | NO 9.06 Wysłałem SMS NO 30.06	2025-07-02 19:50:32.126844+00	f	1	58
35	Łódzkie klasa 5/6. Droga asfaltowa, Blisko do średniego napięcia 300-400 m. Amelin 2A, 98-313 Konopnica	2025-07-09 08:32:02.100947+00	f	1	59
36	gosc spoko ale nie wiem czy cos z tego bedzie średniak. NO 7.06\r\n\r\n\r\nWYSŁAĆ UMOWĘ\r\nMariusz Woźniak\r\nbudzisław Kościelny\r\nul Szkolna 12 A\r\n62-541	2025-07-09 08:32:36.176803+00	f	1	60
37	klasa 5/6. do GPZ 5 km, średnia linia na działce. Fajny gość. Pytał czy czynsz będzie waloryzowany od momentu podpisania umowy - dla niego to warunek konieczny..\r\n\r\nUmowe Wysłać\r\nJerzy Ignaczak\r\n99-232 Zadzim\r\nul. Kazimierzew 10	2025-07-09 08:32:46.407984+00	f	1	61
38	26.05 kontakt Miał jakąś umowę ale Umowa wygasła ma wysłać nr drugiej działki młody facet wydawał się normalny ale w trakcie rozmowy szedł do notariusza więc za wiele nie dało się wyczuć | 30.05.2025 NO | 7.06 NO\r\n\r\n\r\nNa przyszły tydzień się umówić. \r\nKrzysztof Kubasik\r\nGaj 5A,\r\n62-230 Lipkowo	2025-07-09 08:32:54.989909+00	f	1	62
39	Na działce słup Sr napięcia jest dojazd mieli problemy z przyłączeniem średni gość to są 4 działki po 1,34 ha  | NO 3.06 6\r\n\r\nBrzustów 66, 97-215 Inowud7daropaw@wp.pl.....	2025-07-10 15:51:59.891025+00	f	1	63
40	Świętokrzyskie | klasa 4,5,6 | 5 km do GPZ | od 10 czerwca dzwonić | sąsiad ma też 2 ha. \r\n\r\nPrząsław 60A,\r\n28-300 Jędrzejów	2025-07-14 11:58:33.957851+00	f	1	65
41	27.05 4 kl były kontakty ale nikt się nie odzywa młody gość chce siana średnio to widzę ale był bardzo miły 	2025-07-14 11:58:42.367229+00	f	1	66
42	Woj. Wielkopolska, Murowana-goślina, 59/1. Nie odbiera 20.05.2025. Dzwonić w poniedziałek około 9-10, wtedy umówi się konkretnie.Prześle swoją umowę z poprzednią firmą.	2025-07-16 13:17:10.140296+00	f	1	67
43	Świętokrzyskie, klasa 4 i 5 | linia średniego napięcia | Skończyła się umowa ekologiczna	2025-07-18 14:01:07.305814+00	f	1	68
44	Oddzwoni dwie działki są linie nowe w okolicy tartak dlatego wymienili ma prywatnie foto 5/6 klasa myślę że potencjał wysoki 	2025-07-18 14:01:54.076341+00	f	1	69
45	Ireneusz Duczmiński\r\n\r\nCybinka ul. Słubicka 25/1 69-108\r\nPomorsko ul, Lipowa 106, 66-105 Sulechów 	2025-07-28 10:45:41.395398+00	f	1	70
46	Odebrała jakaś babeczka. Numer do 509 922 570. Klasa 5, 6. Około 500 metrów to GPZ	2025-07-28 11:25:00.794649+00	f	1	71
47	2 lata temu podpisana umowa na 1.3 ha i maja zgody na podłączenie do GPZ wszystko stoi idzie do prawnika aby rozwiązać umowę | 9.06 NO	2025-07-28 11:26:23.946738+00	f	1	72
48	Klasa 5/6. Około kilometr do GPZ. Prześle numer działki SMS. \r\n\r\nLasocin 8, 66-120 Korzuchów. 	2025-07-30 20:20:17.110027+00	f	1	73
49	godzina 10:00\r\n\r\nPiotrowo 18, 64-630\r\n	2025-07-30 20:20:22.106942+00	f	1	74
50	9.06 Jest na wakacjach, wraca za 2 dni. klasa 5/6. Droga dojazdowa asfaltowa. Przy samym GPZ. Fajny, ma jeszcze załatwić temat z prawnikiem i kontaktować się po 7.07	2025-07-30 20:20:42.575495+00	f	1	75
51	Promienista 16, Margonin 64-830	2025-07-31 10:49:49.353827+00	f	1	75
52	Klasa 4, Fajna babeczka.\r\n\r\nBiałośliwie, ul. 4 stycznia 40B, 89-340	2025-08-07 08:29:06.51305+00	f	1	76
53	27.05 Prze działkę 20/2 ile linia średniego były rozmowy 4 lata temu 4/5 klasa gość starszy ale myślę że do zrobienia .\r\n\r\nWojtek Mislisz\r\nMrzezino 84-123\r\n123 ul. Płucka 2\r\n\r\npiątek 10:00	2025-08-07 08:29:39.243423+00	f	1	77
54	klasa 5/6. GPZ 150 metów. Woli kontakt na początku przyszłego tygodniowa. Żona chora, miał jakąś firmę 3 lata temu, ale nie uzyskali zgody z energetyki. Kolega coś tam analizuje.\r\n\r\nIłownica 45/1, dojazd od Lniewa ul. Polna, 83-420. do działki 500 metrów.	2025-08-07 08:29:51.36493+00	f	1	78
55	Sieć wysoka i niska jest 26.05 jest zgoda na magazyny jakąś firma się interesuje gościu starszy bardzo miły 	2025-08-07 08:30:36.415606+00	f	1	79
\.


--
-- Data for Name: CrmModuleOne_notification; Type: TABLE DATA; Schema: public; Owner: new_crmuser
--

COPY public."CrmModuleOne_notification" (id, notification_type, is_read, created_at, title, message, recipient_id, user_id) FROM stdin;
1	info	t	2025-05-15 10:25:05.757789+00	ZADANIE	Handlowiec Dawid dodał zadanie dla klienta sadasdas Plat.	1	1
2	info	t	2025-06-02 07:20:01.294635+00	NOTATKĘ	Handlowiec Dawid dodał notatkę dla klienta Leszek Berlik.	1	1
5	info	t	2025-06-05 12:12:33.341885+00	NOTATKĘ	Handlowiec Dawid dodał notatkę dla klienta Barbara Ratajczyk.	1	1
8	info	t	2025-06-06 14:22:03.466336+00	NOTATKĘ	Handlowiec Dawid dodał notatkę dla klienta Jan 606.	1	1
11	info	f	2025-06-13 11:19:59.118012+00	NOTATKĘ	Handlowiec Dawid dodał notatkę dla klienta Beata Jaworska.	1	1
14	info	f	2025-06-16 09:41:06.97604+00	NOTATKĘ	Handlowiec Dawid dodał notatkę dla klienta Jadwiga Kurdek.	1	1
17	info	f	2025-06-17 08:08:14.231413+00	NOTATKĘ	Handlowiec Dawid dodał notatkę dla klienta Beata Jaworska.	1	1
20	info	f	2025-07-31 10:49:49.362385+00	NOTATKĘ	Handlowiec Dawid dodał notatkę dla klienta Jan Szymborski.	1	1
\.


--
-- Data for Name: CrmModuleOne_offer; Type: TABLE DATA; Schema: public; Owner: new_crmuser
--

COPY public."CrmModuleOne_offer" (id, created_at, status, total_price, must_payment, additional_terms, client_id, total_margin) FROM stdin;
\.


--
-- Data for Name: CrmModuleOne_offerproduct; Type: TABLE DATA; Schema: public; Owner: new_crmuser
--

COPY public."CrmModuleOne_offerproduct" (id, quantity, price, vat_rate, offer_id, product_id) FROM stdin;
\.


--
-- Data for Name: CrmModuleOne_offerproduct_required_documents; Type: TABLE DATA; Schema: public; Owner: new_crmuser
--

COPY public."CrmModuleOne_offerproduct_required_documents" (id, offerproduct_id, documenttemplate_id) FROM stdin;
\.


--
-- Data for Name: CrmModuleOne_parcel; Type: TABLE DATA; Schema: public; Owner: new_crmuser
--

COPY public."CrmModuleOne_parcel" (id, voivodeship, county, town, precinct, plot_number, area, created_at, lead_id, latitude, longitude) FROM stdin;
50	WIELKOPOLSKIE	gnieźnieński	Gniezno	Ułanowo	20/2	4.00	2025-05-21 08:21:37.604332+00	139	52.6670645	17.4148789
51	WIELKOPOLSKIE	gnieźnieński	Gniezno	Ułanowo	29/2	2.00	2025-05-21 08:22:00.514177+00	139	52.6670645	17.4148789
53	POMORSKIE	kościerski	Stara Kiszewa	Konarzyny 	517	17.00	2025-05-21 09:02:14.403588+00	136	53.9676235	18.0918107
54	ŁÓDZKIE	tomaszowski	Inowłódz	1	1010	4.00	2025-05-21 09:17:21.562758+00	137	51.5236969	20.2228852
55	ŁÓDZKIE	tomaszowski	Inowłódz	1	1011	4.00	2025-05-21 09:17:33.931515+00	137	51.5236969	20.2228852
56	ŁÓDZKIE	tomaszowski	Inowłódz	1	1008	4.00	2025-05-21 09:17:42.511201+00	137	51.5236969	20.2228852
57	LUBUSKIE	gorzowski	Kłodawa	Santocki	51/2	5.00	2025-05-21 09:26:14.850815+00	135	52.7891091	15.213403
59	LUBUSKIE	gorzowski	Kłodawa	Santocki	51/2	5.00	2025-05-21 09:26:49.038983+00	144	52.7891091	15.213403
60	LUBUSKIE	gorzowski	Kłodawa	Santocki	100/2	5.00	2025-05-21 09:27:20.28754+00	144	52.7891091	15.213403
61	LUBUSKIE	gorzowski	Kłodawa	Santocki	100/3	5.00	2025-05-21 09:27:30.328059+00	144	52.7891091	15.213403
62	LUBUSKIE	gorzowski	Kłodawa	Santocki	100/7	5.00	2025-05-21 09:27:42.182206+00	144	52.7891091	15.213403
63	LUBUSKIE	gorzowski	Kłodawa	Santocki	100/10	5.00	2025-05-21 09:27:57.569848+00	144	52.7891091	15.213403
65	LUBUSKIE	gorzowski	Kłodawa	Santocki	140/5	5.00	2025-05-21 09:28:36.82326+00	144	52.7891091	15.213403
66	LUBUSKIE	gorzowski	Kłodawa	Santocki	63/3	5.00	2025-05-21 09:28:57.530529+00	144	52.7891091	15.213403
67	LUBUSKIE	gorzowski	Kłodawa	Santocki	99/1	5.00	2025-05-21 09:29:11.076125+00	144	52.7891091	15.213403
68	LUBUSKIE	gorzowski	Kłodawa	Rębowo 	110/11	5.00	2025-05-21 09:29:58.122775+00	144	52.8245516	15.0855931
69	LUBUSKIE	gorzowski	Kłodawa	Santocko 	140/7	5.00	2025-05-21 09:30:45.044718+00	144	52.7890622	15.1588623
71	WIELKOPOLSKIE	pleszewski	Czermin	Łęg	21	9.74	2025-05-21 09:48:36.510307+00	160	52.0132288	17.7878287
72	WIELKOPOLSKIE	pleszewski	Czermin	Broniszewice 	34	1.81	2025-05-21 09:49:18.410297+00	160	51.967004	17.8144035
73	LUBUSKIE	gorzowski	Kłodawa	Santocki	51/3	2.00	2025-05-21 09:51:11.622283+00	135	52.7891091	15.213403
77	WIELKOPOLSKIE	jarociński	Kotlin	Kotlin 	163	6.00	2025-05-21 10:17:55.174705+00	132	51.9172458	17.652748
79	WIELKOPOLSKIE	pilski	Szydłowo	Skrzatusz Dąbrowa 	407/4	3.00	2025-05-21 10:41:01.007165+00	131	53.1625747	16.6120029
80	WIELKOPOLSKIE	pilski	Szydłowo	Skrzatusz Dąbrowa 	407/5	2.00	2025-05-21 10:41:10.454047+00	131	53.1625747	16.6120029
82	WIELKOPOLSKIE	wrzesiński	Kołaczkowo	Borzykowo	88/2	7.00	2025-05-21 11:21:52.189921+00	133	52.19812	17.66028
83	WIELKOPOLSKIE	wrzesiński	Kołaczkowo	Gorazdowo	68/43	2.50	2025-05-21 11:22:46.299715+00	133	52.22336	17.68889
84	DOLNOŚLĄSKIE	oleśnicki	Dobroszyce	Malerzów	145	2.50	2025-05-21 11:53:03.737668+00	219	51.36241	17.3239
85	DOLNOŚLĄSKIE	oleśnicki	Dobroszyce	Malerzów	119/1	1.50	2025-05-21 11:53:34.377576+00	219	51.36241	17.3239
87	WIELKOPOLSKIE	nowotomyski	Kuślin	Kuślin 	224/9	4.00	2025-05-21 12:58:27.469215+00	167	52.36271	16.31559
88	DOLNOŚLĄSKIE	górowski	Góra	Radosław 	302	18.50	2025-05-21 13:02:25.196526+00	205	51.76491	16.48524
89	WIELKOPOLSKIE	gnieźnieński	Witkowo	Gaj	16/1	7.00	2025-05-21 13:26:03.502462+00	207	52.5011279	17.8179136
90	WIELKOPOLSKIE	gnieźnieński	Witkowo	Gaj	Nie zna numeru 	17.00	2025-05-21 13:26:51.474725+00	207	52.4395881	17.7725138
91	WIELKOPOLSKIE	czarnkowsko-trzcianecki	Połajewo	Tarnowko 	273/1	30.00	2025-05-21 13:32:46.589524+00	208	52.77715	16.59833
93	WIELKOPOLSKIE	czarnkowsko-trzcianecki	Połajewo	Tarnówko 	186/2	6.00	2025-05-21 13:33:39.909578+00	208	52.77715	16.59833
95	ZACHODNIOPOMORSKIE	świdwiński	Świdwin	Świdwinek	302/1	10.00	2025-05-21 13:50:15.952586+00	206	53.7832575	15.8165201
96	ZACHODNIOPOMORSKIE	świdwiński	Świdwin	Świdwinek	367/1 	3.90	2025-05-21 13:51:47.112681+00	206	53.7832575	15.8165201
97	WIELKOPOLSKIE	koniński	Rychwał	Grochowy	245	1.00	2025-05-21 14:12:21.317744+00	152	52.0357596	18.2075163
98	WIELKOPOLSKIE	koniński	Rychwał	Grochowy	244/2	1.00	2025-05-21 14:12:51.328215+00	152	52.0357596	18.2075163
99	WIELKOPOLSKIE	międzychodzki	Chrzypsko Wielkie	0312	88	4.00	2025-05-22 09:57:15.765342+00	209	52.6269505	16.2193081
101	WIELKOPOLSKIE	kolski	Grzegorzew	Barłogi	353	1.36	2025-05-22 10:07:02.252163+00	212	52.2181969	18.766872
102	WIELKOPOLSKIE	poznański	Kleszczewo	Poklatki	52	6.50	2025-05-22 10:14:47.892488+00	210	52.3317342	17.2063937
103	WIELKOPOLSKIE	poznański	Kleszczewo	Poklatki	98/10 98/11	1.50	2025-05-22 10:15:39.11589+00	210	52.3335219	17.1710116
104	WIELKOPOLSKIE	poznański	Kleszczewo	Krerowo	55/9	1.72	2025-05-22 10:16:35.796474+00	210	52.29061	17.19342
105	WIELKOPOLSKIE	poznański	Kleszczewo	Poklatki	99/1	2.00	2025-05-22 10:17:05.871476+00	210	52.3287505	17.2029345
107	WIELKOPOLSKIE	grodziski	Granowo	0010	200	3.00	2025-05-22 10:45:29.480345+00	225	52.2202401	16.5306041
108	WIELKOPOLSKIE	grodziski	Granowo	0008	23/2	5.25	2025-05-22 10:46:01.469377+00	225	52.2202401	16.5306041
109	WIELKOPOLSKIE	grodziski	Granowo	0010	74	1.90	2025-05-22 10:46:35.596153+00	225	52.2202401	16.5306041
110	WIELKOPOLSKIE	grodziski	Granowo	0010	113/2	4.15	2025-05-22 10:48:15.090614+00	225	52.2202401	16.5306041
111	ŚLĄSKIE	częstochowski	Olsztyn	Turów 	66	1.00	2025-05-22 11:02:34.42697+00	224	50.7677574	19.320069
112	ŚLĄSKIE	częstochowski	Olsztyn	Turów 	67	1.00	2025-05-22 11:02:44.289758+00	224	50.7677574	19.320069
114	WIELKOPOLSKIE	gnieźnieński	Witkowo	Folwark-Piatki	16/1	3.50	2025-05-22 11:11:40.271016+00	221	52.4395881	17.7725138
115	DOLNOŚLĄSKIE	polkowicki	Radwanice	Łagoszow Wielki	341/2	14.40	2025-05-22 11:19:31.19625+00	216	51.5683193	15.9625957
116	WIELKOPOLSKIE	wrzesiński	Kołaczkowo	Bieganowo	31	9.25	2025-05-22 11:25:41.908306+00	214	52.26674	17.68156
117	WIELKOPOLSKIE	wrzesiński	Kołaczkowo	Bieganowo	14	2.00	2025-05-22 11:25:59.961747+00	214	52.27165	17.67978
118	WIELKOPOLSKIE	pilski	Wysoka	Czajcze	162	4.00	2025-05-22 11:48:13.972163+00	234	53.19031	17.1197
120	MAZOWIECKIE	ostrołęcki	Goworowo	BRZEZNO 	Na przeciw domu domu 	2.00	2025-05-22 12:10:59.067604+00	232	52.9006864	21.5570366
121	WARMIŃSKO-MAZURSKIE	elbląski	Rychliki	Wopity	4,5,53,54	3.00	2025-05-22 12:21:27.145269+00	231	53.9859225	19.5267889
122	POMORSKIE	pucki	Puck	Moście Blota Mrzezino	20/2	15.00	2025-05-22 12:37:38.789015+00	230	54.7307653	18.4325781
123	POMORSKIE	pucki	Puck	Moście Blota Mrzezino	19,18,15	4.50	2025-05-22 12:38:40.405553+00	230	54.7307653	18.4325781
124	LUBUSKIE	słubicki	Górzyca	Radłówek	148/2	6.00	2025-05-22 12:46:44.866166+00	228	52.4928154	14.6514668
125	LUBUSKIE	słubicki	Górzyca	Radłówek	88	1.00	2025-05-22 12:47:07.069697+00	228	52.4928154	14.6514668
201	WIELKOPOLSKIE	chodzieski	Margonin	Margonin	133	3.00	2025-05-29 11:38:41.850283+00	426	52.345123	16.674512
127	LUBUSKIE	zielonogórski	Nowogród Bobrzański	Kaczenice 	71/4	1.30	2025-05-22 13:46:10.669479+00	414	51.8227045	15.3413202
130	ŚWIĘTOKRZYSKIE	starachowicki	Pawłów	Radkowice	36,37	5.00	2025-05-22 15:29:16.286988+00	422	50.9621212	21.1205169
132	WIELKOPOLSKIE	kościański	Czempiń	gorzyce	137/5	1.50	2025-05-23 11:01:21.89015+00	134	52.0990845	16.769712
133	WIELKOPOLSKIE	chodzieski	Szamocin	Strzelczyki	200/2	2.10	2025-05-23 11:09:24.589302+00	220	53.0309913	17.0386229
134	WIELKOPOLSKIE	koniński	Kleczew	0003	147	2.00	2025-05-23 11:17:15.30605+00	215	52.3707265	18.1779886
135	WIELKOPOLSKIE	koniński	Kleczew	0003	159	1.20	2025-05-23 11:17:31.604849+00	215	52.3707265	18.1779886
136	WIELKOPOLSKIE	koniński	Kleczew	0003	149/3	2.50	2025-05-23 11:22:56.421851+00	215	52.3707265	18.1779886
137	DOLNOŚLĄSKIE	lubiński	Lubin	Kłopotów	28	1.50	2025-05-23 11:41:42.37944+00	471	51.3752659	16.2528644
139	WIELKOPOLSKIE	koniński	Grodziec	Jakiś	305	0.40	2025-05-23 12:01:34.790239+00	469	52.0384497	18.0600456
140	WIELKOPOLSKIE	koniński	Grodziec	Jakiś	304	0.40	2025-05-23 12:02:00.080856+00	469	52.0384497	18.0600456
141	WIELKOPOLSKIE	koniński	Grodziec	Jakiś	173	0.40	2025-05-23 12:02:04.471885+00	469	52.0384497	18.0600456
142	WIELKOPOLSKIE	koniński	Grodziec	Jakiś	179	0.40	2025-05-23 12:02:07.639098+00	469	52.0384497	18.0600456
144	WIELKOPOLSKIE	nowotomyski	Nowy Tomyśl	boruja-nowa	68	1.50	2025-05-23 12:05:18.680971+00	467	52.23214	16.15556
145	LUBELSKIE	bialski	Drelów	Łódzki	96	1.00	2025-05-23 12:16:14.404836+00	460	51.9120435	22.8715008
146	MAZOWIECKIE	mławski	Radzanów	Radzanów	970	6.00	2025-05-23 12:23:17.537195+00	459	52.94307	20.09258
147	LUBELSKIE	kraśnicki	Kraśnik	Słodków drugi	833/2	1.20	2025-05-23 12:51:03.633266+00	434	50.8949538	22.2793071
148	WIELKOPOLSKIE	szamotulski	Duszniki	Brzoza 38	85/2	1.20	2025-05-23 12:58:18.761963+00	429	52.4490442	16.4054502
150	LUBELSKIE	łukowski	Łuków	033	0000	3.00	2025-05-23 13:05:35.334312+00	468	51.93008	22.3790669
151	ŁÓDZKIE	sieradzki	Goszczanów	Kaszew	3 działki	1.66	2025-05-23 13:16:34.545992+00	430	51.789169	18.505482
152	WIELKOPOLSKIE	czarnkowsko-trzcianecki	Trzcianka	Biała 	675	3.10	2025-05-23 13:30:11.222532+00	436	53.04534	16.53949
153	DOLNOŚLĄSKIE	oleśnicki	Bierutów	Jemielna	157	6.19	2025-05-23 13:50:28.836444+00	433	51.2146356	17.5695969
154	DOLNOŚLĄSKIE	oleśnicki	Bierutów	Jemielna	158	8.00	2025-05-23 13:50:36.346022+00	433	51.2146356	17.5695969
155	OPOLSKIE	brzeski	Grodków	Grodków 	294	1.80	2025-05-23 13:52:52.408355+00	472	50.698157	17.3849804
156	OPOLSKIE	brzeski	Grodków	Grodków 	222	1.50	2025-05-23 13:53:09.914367+00	472	50.698157	17.3849804
158	OPOLSKIE	brzeski	Grodków	Grodków 	322	2.40	2025-05-23 13:53:38.200241+00	472	50.698157	17.3849804
159	OPOLSKIE	brzeski	Grodków	Grodków 	364/2	1.40	2025-05-23 13:53:54.051049+00	472	50.698157	17.3849804
160	OPOLSKIE	brzeski	Grodków	Grodków 	170	1.80	2025-05-23 13:54:11.656624+00	472	50.698157	17.3849804
161	DOLNOŚLĄSKIE	złotoryjski	Świerzawa	Sokołowiec	280/2	3.00	2025-05-23 14:01:02.773085+00	427	51.03643	15.82486
163	DOLNOŚLĄSKIE	złotoryjski	Świerzawa	Sokołowiec	297/3	3.00	2025-05-23 14:01:14.791604+00	427	51.03643	15.82486
164	DOLNOŚLĄSKIE	złotoryjski	Świerzawa	Sokołowiec	297/5	3.00	2025-05-23 14:01:17.962969+00	427	51.03643	15.82486
165	DOLNOŚLĄSKIE	złotoryjski	Świerzawa	Sokołowiec	297/6	3.00	2025-05-23 14:01:21.807611+00	427	51.03643	15.82486
166	DOLNOŚLĄSKIE	złotoryjski	Świerzawa	Sokołowiec	291/3	3.00	2025-05-23 14:01:28.00832+00	427	51.03643	15.82486
167	WIELKOPOLSKIE	kaliski	Mycielin	Gadów 12	701/2	5.00	2025-05-23 14:18:51.80974+00	466	51.9526368	18.2443116
168	KUJAWSKO-POMORSKIE	mogileński	Jeziora Wielkie	Krzywe Kolano	73	3.30	2025-05-26 09:43:08.27368+00	147	52.5166928	18.3248847
170	DOLNOŚLĄSKIE	lubiński	Lubin	Kłopotów	80	0.50	2025-05-26 10:29:46.429249+00	471	51.3772479	16.2578126
171	WIELKOPOLSKIE	obornicki	Ryczywół	Piotrowo	54	1.00	2025-05-26 11:07:39.935288+00	482	52.8362519	16.7406004
172	WIELKOPOLSKIE	krotoszyński	Zduny	Chahalni	180	2.30	2025-05-26 11:20:09.14752+00	478	51.6463268	17.377617
173	WIELKOPOLSKIE	krotoszyński	Zduny	Zduny	940	2.30	2025-05-26 11:21:03.572305+00	478	51.6463268	17.377617
174	WIELKOPOLSKIE	gnieźnieński	Kiszkowo	Kiszkowo	46/2	2.60	2025-05-26 11:36:51.8794+00	477	52.5900887	17.2618579
175	LUBUSKIE	nowosolski	Kożuchów	Lasocin	0000	16.00	2025-05-26 11:50:46.910066+00	484	51.7303872	15.6889767
177	ŁÓDZKIE	poddębicki	Zadzim	Potok	136/1	3.00	2025-05-28 08:13:15.021663+00	213	51.7757774	18.8496385
178	POMORSKIE	kościerski	Liniewo	Liniewo	388/3	2.00	2025-05-28 08:30:17.822354+00	229	54.0790817	18.2307257
179	POMORSKIE	kościerski	Liniewo	Liniewo	388/4	2.00	2025-05-28 08:30:21.830486+00	229	54.0790817	18.2307257
180	POMORSKIE	kościerski	Liniewo	Liniewo	396	4.26	2025-05-28 08:30:38.068515+00	229	54.0790817	18.2307257
182	WARMIŃSKO-MAZURSKIE	elbląski	Milejewo	0009	150	2.50	2025-05-28 10:20:19.717592+00	420	54.2183538	19.546834
183	WARMIŃSKO-MAZURSKIE	elbląski	Milejewo	0009	151	2.50	2025-05-28 10:20:23.555252+00	420	54.2183538	19.546834
184	WARMIŃSKO-MAZURSKIE	elbląski	Milejewo	0009	152	2.50	2025-05-28 10:20:27.397138+00	420	54.2183538	19.546834
185	WIELKOPOLSKIE	koniński	Stare Miasto	Głuwiew	572/2	2.00	2025-05-28 10:46:35.359379+00	421	52.1814386	18.2153535
186	WIELKOPOLSKIE	koniński	Stare Miasto	Głuwiew	570	1.20	2025-05-28 10:46:42.459461+00	421	52.1814386	18.2153535
187	WIELKOPOLSKIE	poznański	Murowana Goślina	Boduszewo	68/9	8.00	2025-05-28 10:53:44.25207+00	423	52.5754914	17.0515477
188	LUBELSKIE	bialski	Sosnówka	Romanów	134	3.00	2025-05-28 11:04:23.113789+00	418	51.7393854	23.3865583
190	WIELKOPOLSKIE	chodzieski	Szamocin	Józefowice	144/1	0.80	2025-05-29 09:28:55.695513+00	226	53.0395933	17.0753399
191	WIELKOPOLSKIE	chodzieski	Szamocin	Józefowice	144/2	0.80	2025-05-29 09:28:58.809045+00	226	53.0395933	17.0753399
193	LUBUSKIE	zielonogórski	Kargowa	Stary Jagomierz	545	2.70	2025-05-29 09:51:09.809008+00	432	52.0719225	15.8648044
194	ŚWIĘTOKRZYSKIE	jędrzejowski	Jędrzejów	Łączyn	110	3.50	2025-05-29 09:54:16.244279+00	435	50.6158145	20.2889655
195	WIELKOPOLSKIE	chodzieski	Margonin	Pruchnowo	132	9.50	2025-05-29 10:27:28.804903+00	223	52.9732912	17.0948899
198	ŚWIĘTOKRZYSKIE	kielecki	Pierzchnica	Maleszowa	85/1	1.50	2025-05-29 11:01:01.735861+00	437	50.6818209	20.7259209
199	ŚWIĘTOKRZYSKIE	kielecki	Pierzchnica	Maleszowa	85/2	1.50	2025-05-29 11:01:12.682559+00	437	50.6818209	20.7259209
200	ŚWIĘTOKRZYSKIE	kielecki	Pierzchnica	Maleszowa	86	1.50	2025-05-29 11:01:19.489847+00	437	50.67626	20.72834
202	WIELKOPOLSKIE	pleszewski	Dobrzyca	Sośnica	37	6.90	2025-05-30 10:42:05.888978+00	415	51.858577	17.6761924
49	WIELKOPOLSKIE	gnieźnieński	Kłecko	Ułanowo	20/1	4.00	2025-05-21 08:20:33.060807+00	139	52.6670645	17.4148789
52	WIELKOPOLSKIE	kolski	Koło	Wrzącą Wielka 	69	2.65	2025-05-21 08:38:25.274934+00	138	52.26066	18.70286
58	LUBUSKIE	gorzowski	Kłodawa	Santocki	51/3	5.00	2025-05-21 09:26:30.684999+00	144	52.7891091	15.213403
64	LUBUSKIE	gorzowski	Kłodawa	Santocki	140/3	5.00	2025-05-21 09:28:23.438394+00	144	52.7891091	15.213403
70	WIELKOPOLSKIE	koniński	Rzgów	Grabienice 	318	8.94	2025-05-21 09:39:27.523325+00	141	52.1333333	18.0666667
78	WIELKOPOLSKIE	pilski	Szydłowo	Skrzatusz Dąbrowa 	407/3	2.00	2025-05-21 10:40:44.379654+00	131	53.1625747	16.6120029
86	WIELKOPOLSKIE	ostrowski	Ostrów Wielkopolski	Karski	42/6	2.30	2025-05-21 12:26:29.67346+00	204	51.6764072	17.8497846
92	WIELKOPOLSKIE	czarnkowsko-trzcianecki	Połajewo	Tarnowko 	186/1	10.00	2025-05-21 13:33:17.443481+00	208	52.77715	16.59833
100	WIELKOPOLSKIE	kolski	Grzegorzew	Barłogi	483	1.78	2025-05-22 10:06:31.038709+00	212	52.2181969	18.766872
106	WIELKOPOLSKIE	koniński	Kazimierz Biskupi	0003 Czastkow	16	11.50	2025-05-22 10:30:48.343509+00	227	52.3119341	18.1675656
113	ŚLĄSKIE	częstochowski	Olsztyn	Turów 	87	1.00	2025-05-22 11:02:55.186493+00	224	50.7677574	19.320069
119	WIELKOPOLSKIE	ostrowski	Sieroszewice	Latowice 	Latowice 	3.00	2025-05-22 12:02:02.871441+00	233	51.633984	17.9671414
126	PODLASKIE	wysokomazowiecki	Wysokie Mazowieckie	0025	340	2.50	2025-05-22 13:09:02.461057+00	417	52.9256354	22.5104014
131	WIELKOPOLSKIE	kościański	Czempiń	gorzyce	137/3	2.00	2025-05-23 11:01:01.279983+00	134	52.0990845	16.769712
138	WIELKOPOLSKIE	koniński	Rychwał	356	356	1.30	2025-05-23 11:58:19.827648+00	469	52.0706234	18.1668295
143	WIELKOPOLSKIE	nowotomyski	Nowy Tomyśl	boruja-nowa	67/7	4.50	2025-05-23 12:05:11.097559+00	467	52.2467374	16.1457208
149	WIELKOPOLSKIE	czarnkowsko-trzcianecki	Trzcianka	Biernatowo	0000	6.00	2025-05-23 13:02:36.859276+00	470	52.9551636	16.2962974
157	OPOLSKIE	brzeski	Grodków	Grodków 	7	3.00	2025-05-23 13:53:20.142138+00	472	50.6996211	17.385552
162	DOLNOŚLĄSKIE	złotoryjski	Świerzawa	Sokołowiec	280/1	3.00	2025-05-23 14:01:09.237215+00	427	51.03643	15.82486
169	DOLNOŚLĄSKIE	lubiński	Lubin	Kłopotów	79	0.50	2025-05-26 10:29:41.567034+00	471	51.3772479	16.2578126
176	MAZOWIECKIE	węgrowski	Łochów	0017	452/2	1.76	2025-05-27 11:28:44.094999+00	483	52.53042	21.68528
181	WIELKOPOLSKIE	słupecki	Słupca	Koszuty-Duże	179	3.38	2025-05-28 09:34:07.485188+00	413	52.2907012	17.8716447
189	LUBELSKIE	bialski	Sosnówka	Romanów	217,218,219	4.00	2025-05-28 11:04:55.056707+00	418	51.7533929	23.3391357
197	LUBUSKIE	nowosolski	Bytom Odrzański	Kropilnik	312/7	3.00	2025-05-29 10:45:46.308792+00	445	51.7308267	15.826918
203	WIELKOPOLSKIE	pleszewski	Dobrzyca	Sośnica	38	1.50	2025-05-30 10:42:16.716691+00	415	51.8585655	17.6758651
204	WIELKOPOLSKIE	pleszewski	Dobrzyca	Sośnica	4	2.50	2025-05-30 10:42:35.550055+00	415	51.8596997	17.6423273
205	WIELKOPOLSKIE	pleszewski	Dobrzyca	Sośnica	18	0.60	2025-05-30 10:42:56.065576+00	415	51.8626004	17.6660215
206	WIELKOPOLSKIE	pleszewski	Dobrzyca	Fabianów	69	5.00	2025-05-30 10:43:36.517283+00	415	51.8749	17.66586
207	MAZOWIECKIE	mławski	Lipowiec Kościelny	Rumoka	0000	4.00	2025-05-30 16:00:31.520527+00	444	53.07371	20.20596
213	WIELKOPOLSKIE	poznański	Murowana Goślina	Murowana Goślina	59/1	3.00	2025-06-01 17:41:25.134175+00	154	52.5758465	17.0097914
214	LUBUSKIE	strzelecko-drezdenecki	Dobiegniew	podlesiec	18/18	8.00	2025-06-01 17:42:16.587093+00	157	52.938365	15.8741037
215	WIELKOPOLSKIE	chodzieski	Chodzież	chodzieski	179	6.00	2025-06-01 17:43:25.044336+00	153	52.9893964	16.9103089
216	WIELKOPOLSKIE	chodzieski	Chodzież	chodzieski	178	6.00	2025-06-01 17:43:28.923469+00	153	52.9908398	16.9131246
218	WIELKOPOLSKIE	czarnkowsko-trzcianecki	Połajewo	Tarnówko	273/2	1.00	2025-06-02 12:45:54.498319+00	208	52.77715	16.59833
219	WIELKOPOLSKIE	kościański	Czempiń	Gluchowo	181	2.00	2025-06-02 16:01:56.174035+00	134	52.1768396	16.7103184
220	WIELKOPOLSKIE	kościański	Czempiń	Gluchowo	180	1.00	2025-06-02 16:02:02.967335+00	134	52.1768396	16.7103184
221	WIELKOPOLSKIE	kościański	Czempiń	Gluchowo	148	5.70	2025-06-02 16:02:16.306972+00	134	52.1768396	16.7103184
222	LUBUSKIE	gorzowski	Kłodawa	Karsko	140/7	0.00	2025-06-03 08:05:07.479641+00	135	52.7891091	15.213403
223	LUBUSKIE	gorzowski	Lubiszyn	Chłopiny	261/7	0.00	2025-06-03 08:06:21.803606+00	135	52.83411	15.02286
224	LUBUSKIE	gorzowski	Lubiszyn	Chłopiny	260/5	0.00	2025-06-03 08:06:31.498648+00	135	52.83411	15.02286
225	LUBUSKIE	gorzowski	Lubiszyn	Chłopiny	260/3	0.00	2025-06-03 08:06:41.007963+00	135	52.83411	15.02286
226	LUBUSKIE	zielonogórski	Trzebiechów	radowice	190	0.00	2025-06-09 08:01:24.284349+00	163	52.0433668	15.6941516
227	LUBUSKIE	zielonogórski	Trzebiechów	radowice	191/1	0.00	2025-06-09 08:01:30.888956+00	163	52.0433668	15.6941516
228	LUBUSKIE	zielonogórski	Trzebiechów	radowice	206/3	0.00	2025-06-09 08:01:37.63859+00	163	52.0433668	15.6941516
229	KUJAWSKO-POMORSKIE	bydgoski	Koronowo	Wielkie	0	0.30	2025-06-09 08:37:12.724222+00	416	53.34051	17.82249
230	WIELKOPOLSKIE	kościański	Czempiń	Bieczyny	68/2	5.86	2025-06-09 08:39:07.70749+00	424	52.1897153	16.752532
231	MAZOWIECKIE	płocki	Stara Biała	Bronowo Zalesie	11/2	1.80	2025-06-09 08:47:20.057247+00	443	52.6162236	19.7412453
232	MAZOWIECKIE	płocki	Stara Biała	Bronowo Zalesie	12/5	1.20	2025-06-09 08:47:29.579431+00	443	52.6162236	19.7412453
235	LUBUSKIE	strzelecko-drezdenecki	Strzelce Krajeńskie	Pielice	60	4.00	2025-06-09 09:09:14.826453+00	461	52.9472343	15.6098141
236	LUBUSKIE	strzelecko-drezdenecki	Strzelce Krajeńskie	Pielice	59/4	2.70	2025-06-09 09:09:26.43864+00	461	52.9472343	15.6098141
237	WIELKOPOLSKIE	średzki	Środa Wielkopolska	Trzebisławski/Brzeziny	89	1.50	2025-06-09 09:17:44.938182+00	463	52.2284266	17.277827
238	WIELKOPOLSKIE	średzki	Środa Wielkopolska	Trzebisławski/Brzeziny	90	1.50	2025-06-09 09:17:49.124197+00	463	52.2284266	17.277827
239	WIELKOPOLSKIE	średzki	Środa Wielkopolska	Trzebisławski/Brzeziny	108	5.00	2025-06-09 09:18:13.486182+00	463	52.2284266	17.277827
240	ŁÓDZKIE	wieluński	Konopnica	Anielin	131	2.50	2025-06-09 09:20:53.919617+00	464	51.3262417	18.8612955
241	ŁÓDZKIE	wieluński	Konopnica	Anielin	120	1.00	2025-06-09 09:20:58.29663+00	464	51.3262417	18.8612955
245	POMORSKIE	sztumski	Mikołajki Pomorskie	Mikołajki Pomorskie\t	433/4	5.81	2025-06-09 09:31:52.89064+00	457	53.8506181	19.1658001
246	POMORSKIE	sztumski	Mikołajki Pomorskie	Mikołajki Pomorskie\t	435/4	1.19	2025-06-09 09:32:48.880347+00	457	53.8506181	19.1658001
247	POMORSKIE	sztumski	Mikołajki Pomorskie	Mikołajki Pomorskie\t	435/5	15.85	2025-06-09 09:33:00.921858+00	457	53.8506181	19.1658001
248	KUJAWSKO-POMORSKIE	żniński	Janowiec Wielkopolski	Janowiec Wieś	5/2	3.14	2025-06-09 09:39:45.813002+00	442	52.7556702	17.5047425
249	DOLNOŚLĄSKIE	trzebnicki	Żmigród	Dębno  Niemickie	154/2	5.00	2025-06-09 09:56:50.196284+00	475	51.4717386	16.9082719
250	DOLNOŚLĄSKIE	trzebnicki	Żmigród	Dębno  Niemickie	154/1	0.00	2025-06-09 09:56:59.472163+00	475	51.4717386	16.9082719
251	KUJAWSKO-POMORSKIE	bydgoski	Koronowo	Sitowiec 3	263	1.50	2025-06-09 10:03:25.593112+00	479	53.3140636	17.9369813
252	KUJAWSKO-POMORSKIE	bydgoski	Koronowo	Sitowiec	00	1.00	2025-06-09 10:04:00.41009+00	479	53.36754	17.72434
253	PODLASKIE	siemiatycki	Nurzec-Stacja	Klukowice	00	1.43	2025-06-09 10:34:59.032534+00	480	52.4613846	23.0836062
255	WIELKOPOLSKIE	turecki	Brudzew	Dąbrowa	100/2	0.50	2025-06-09 10:51:05.833595+00	495	52.0690618	18.6889044
256	WIELKOPOLSKIE	turecki	Brudzew	Dąbrowa	98/2	2.00	2025-06-09 10:51:13.764637+00	495	52.0690618	18.6889044
257	WIELKOPOLSKIE	turecki	Brudzew	Dąbrowa	104 i 1-8	1.00	2025-06-09 10:51:32.125195+00	495	52.0990871	18.6045431
258	WIELKOPOLSKIE	turecki	Brudzew	Dąbrowa	378	2.50	2025-06-09 10:51:52.211455+00	495	52.0690618	18.6889044
259	WIELKOPOLSKIE	turecki	Brudzew	Dąbrowa	98/2	0.40	2025-06-09 10:52:01.928211+00	495	52.0690618	18.6889044
260	ZACHODNIOPOMORSKIE	gryfiński	Mieszkowice	Burzycko	162/2	16.40	2025-06-09 11:09:17.297459+00	496	52.785412	14.4954296
262	PODLASKIE	hajnowski	Kleszczele	0013	57/3	1.50	2025-06-09 14:10:27.017435+00	449	52.574173	23.3254851
263	PODLASKIE	hajnowski	Kleszczele	0013	57/4	1.50	2025-06-09 14:10:31.310346+00	449	52.574173	23.3254851
264	PODLASKIE	hajnowski	Kleszczele	0013	57/10	1.50	2025-06-09 14:10:34.653046+00	449	52.574173	23.3254851
265	PODLASKIE	hajnowski	Kleszczele	0013	56/4	1.50	2025-06-09 14:10:40.006753+00	449	52.574173	23.3254851
266	PODLASKIE	hajnowski	Kleszczele	0013	61/7	1.50	2025-06-09 14:10:55.329738+00	449	52.574173	23.3254851
267	ŚLĄSKIE	kłobucki	Wręczyca Wielka	Kłobuck	22/4	1.00	2025-06-10 08:36:57.638734+00	481	50.8442673	18.916773
268	ŚLĄSKIE	kłobucki	Wręczyca Wielka	Kłobuck	86	1.00	2025-06-10 08:37:19.853837+00	481	50.8093957	18.8948455
269	WIELKOPOLSKIE	leszczyński	Lipno	Żakowo	106	6.00	2025-06-10 10:35:37.524693+00	485	51.9260335	16.5959618
270	WIELKOPOLSKIE	chodzieski	Budzyń	Dziewoklucz	496/25	10.00	2025-06-10 10:42:12.934758+00	473	52.90681	17.06134
271	WIELKOPOLSKIE	chodzieski	Budzyń	Dziewoklucz	496/2	6.00	2025-06-10 10:43:04.79285+00	473	52.90681	17.06134
272	KUJAWSKO-POMORSKIE	bydgoski	Koronowo	Sitowiec	237	0.78	2025-06-11 09:45:32.801586+00	479	53.36754	17.72434
273	PODLASKIE	hajnowski	Dubicze Cerkiewne	Koryciski\t	384/2	6.14	2025-06-13 07:08:39.426495+00	158	52.6841202	23.4576918
276	WIELKOPOLSKIE	leszczyński	Włoszakowice	Krzycko Wielkie\t	535	5.00	2025-06-13 11:33:48.025919+00	462	51.9106204	16.4518467
277	ZACHODNIOPOMORSKIE	wałecki	Wałcz	Budzik	84/4	18.00	2025-06-13 11:35:06.657447+00	465	53.269745	16.4670655
278	ZACHODNIOPOMORSKIE	wałecki	Wałcz	Budzik	31	18.00	2025-06-13 11:35:13.449742+00	465	53.269745	16.4670655
279	ZACHODNIOPOMORSKIE	sławieński	Sławno	Dobrowiczki	235/3	4.00	2025-06-13 11:40:27.619453+00	476	54.361142	16.6754076
280	ZACHODNIOPOMORSKIE	sławieński	Sławno	Dobrowiczki	0	4.00	2025-06-13 11:40:50.517298+00	476	54.361142	16.6754076
281	LUBUSKIE	żarski	Żary	?	?	1.80	2025-06-13 11:47:25.431956+00	489	51.6385162	15.1422487
282	WIELKOPOLSKIE	nowotomyski	Nowy Tomyśl	nowotomyski	189/2	1.00	2025-06-13 11:50:03.770668+00	491	52.3177643	16.1291553
283	WIELKOPOLSKIE	nowotomyski	Nowy Tomyśl	nowotomyski	192	1.00	2025-06-13 11:50:10.834527+00	491	52.3155184	16.1321462
284	WIELKOPOLSKIE	nowotomyski	Nowy Tomyśl	nowotomyski	479/6	1.50	2025-06-13 11:50:23.081265+00	491	52.3177643	16.1291553
285	WIELKOPOLSKIE	grodziski	Wielichowo	?	963	0.76	2025-06-23 09:43:48.40279+00	150	52.1182673	16.3521384
286	WIELKOPOLSKIE	grodziski	Wielichowo	?	665	0.80	2025-06-23 09:43:59.497798+00	150	52.1182673	16.3521384
287	WIELKOPOLSKIE	złotowski	Tarnówka	Sokolna	313/1	17.00	2025-06-24 12:01:26.604061+00	516	53.30635	16.88049
288	WIELKOPOLSKIE	złotowski	Tarnówka	Sokolna	316	17.00	2025-06-24 12:01:34.742742+00	516	53.30635	16.88049
289	WIELKOPOLSKIE	złotowski	Tarnówka	Sokolna	316	17.00	2025-06-24 12:01:35.107075+00	516	53.30635	16.88049
290	WIELKOPOLSKIE	złotowski	Tarnówka	Sokolna	317	17.00	2025-06-24 12:01:38.551305+00	516	53.30635	16.88049
291	WIELKOPOLSKIE	złotowski	Tarnówka	Sokolna	318	17.00	2025-06-24 12:01:42.35574+00	516	53.30635	16.88049
292	WIELKOPOLSKIE	złotowski	Tarnówka	Sokolna	319	17.00	2025-06-24 12:01:47.303304+00	516	53.30635	16.88049
293	DOLNOŚLĄSKIE	wrocławski	Sobótka	Rogów-Sobócki	722	6.91	2025-06-24 12:03:47.394552+00	515	50.92702	16.7587343
294	DOLNOŚLĄSKIE	wrocławski	Sobótka	Rogów-Sobócki	723	6.91	2025-06-24 12:03:50.884532+00	515	50.92702	16.7587343
295	ŁÓDZKIE	zduńskowolski	Zapolice	Marzynek 33	?	1.00	2025-06-24 12:10:22.62261+00	513	51.5619146	18.948179
296	ZACHODNIOPOMORSKIE	myśliborski	Nowogródek Pomorski	Giżyn	424	2.00	2025-06-24 12:35:41.941865+00	510	52.9432061	15.0088014
298	LUBELSKIE	radzyński	Czemierniki	Bełcząc	1652/3, 1652/2, 1651/1	3.00	2025-06-24 12:42:30.355465+00	508	51.6743703	22.6380937
299	LUBUSKIE	zielonogórski	Sulechów	Pomorsko	15/1, 21/7, 21/5	10.00	2025-06-24 13:08:40.050909+00	507	52.0854782	15.6259091
300	WIELKOPOLSKIE	pilski	Miasteczko Krajeńskie	Okaliniec	77/2	7.00	2025-06-24 15:02:29.234557+00	504	53.1373129	17.0604372
301	WIELKOPOLSKIE	słupecki	Zagórów	Myszakówek	94	1.00	2025-06-24 15:07:21.608759+00	503	52.1389336	17.7855749
302	PODLASKIE	siemiatycki	Siemiatycze	Boratyniec Laski	231/1, 231/2	6.50	2025-06-24 15:12:35.645642+00	502	52.4209252	22.8754373
305	PODLASKIE	białostocki	Michałowo	Hoźna	190/2	8.00	2025-07-01 17:17:13.305478+00	505	52.9765386	23.5116983
306	PODLASKIE	białostocki	Michałowo	Hoźna	195	0.00	2025-07-01 17:17:28.29331+00	505	52.9765386	23.5116983
307	WIELKOPOLSKIE	koniński	Wierzbinek	\tTelesewo	40/1	2.00	2025-07-02 09:49:36.289741+00	509	52.4456388	18.5076904
308	WIELKOPOLSKIE	słupecki	Powidz	Wylatkowo	124	6.50	2025-07-02 09:51:48.105585+00	511	52.4653975	17.9240024
309	WIELKOPOLSKIE	grodziski	Grodzisk Wielkopolski	Biała Wieś	24/14	0.00	2025-07-02 10:00:06.058478+00	501	52.2774717	16.2868046
310	WIELKOPOLSKIE	grodziski	Grodzisk Wielkopolski	Biała Wieś	25/15	0.00	2025-07-02 10:00:20.570572+00	501	52.2774717	16.2868046
311	WIELKOPOLSKIE	grodziski	Grodzisk Wielkopolski	Biała Wieś	25/16	1.00	2025-07-02 10:00:28.527927+00	501	52.2774717	16.2868046
312	WIELKOPOLSKIE	koniński	Wierzbinek	Synogacz	292/4	0.00	2025-07-02 10:02:30.626894+00	500	52.4456388	18.5076904
313	WIELKOPOLSKIE	krotoszyński	Krotoszyn	Wielowieś	132	6.50	2025-07-02 10:23:28.764798+00	498	51.7656592	17.358762
314	WARMIŃSKO-MAZURSKIE	giżycki	Giżycko	0012	55/1	1.86	2025-07-02 10:29:13.781108+00	499	54.0361354	21.7661326
315	WIELKOPOLSKIE	koniński	Wierzbinek	Synogacz	290	0.00	2025-07-02 10:34:04.818813+00	500	52.4456388	18.5076904
316	WIELKOPOLSKIE	koniński	Wierzbinek	Synogacz	292	0.00	2025-07-02 10:34:19.582848+00	500	52.4456388	18.5076904
317	WIELKOPOLSKIE	koniński	Wierzbinek	Sompolno	503	0.00	2025-07-02 10:34:36.60191+00	500	52.4395426	18.5070033
318	WIELKOPOLSKIE	koniński	Wierzbinek	Sompolno	504	0.00	2025-07-02 10:34:44.661505+00	500	52.4395426	18.5070033
319	WIELKOPOLSKIE	nowotomyski	Lwówek	Władysławowo	156 lub 157	1.20	2025-07-02 10:49:30.64577+00	506	52.4489307	16.1803554
320	DOLNOŚLĄSKIE	świdnicki	Jaworzyna Śląska	Czechy	9/3 i 9/4	2.00	2025-07-07 10:44:19.550703+00	497	50.9144217	16.4308642
321	LUBUSKIE	strzelecko-drezdenecki	Zwierzyn	Zwierzyn	?	6.00	2025-07-07 14:12:03.540961+00	518	52.8364969	15.5837747
323	WIELKOPOLSKIE	krotoszyński	Zduny	Ruda	30	3.50	2025-07-22 10:05:06.609072+00	517	51.6540745	17.2660165
324	WIELKOPOLSKIE	krotoszyński	Zduny	Ruda	5	1.50	2025-07-22 10:05:15.999866+00	517	51.6547669	17.2662693
325	ZACHODNIOPOMORSKIE	choszczeński	Krzęcin	Chłopowo	702, 703/1	1.90	2025-07-22 10:10:05.977822+00	579	53.08109	15.4869
326	WIELKOPOLSKIE	rawicki	Miejska Górka	Oczkowice	316/4	1.00	2025-07-22 10:14:03.166202+00	577	51.6917411	17.038379
327	WIELKOPOLSKIE	rawicki	Miejska Górka	Oczkowice	316/3	1.00	2025-07-22 10:14:06.95304+00	577	51.6917411	17.038379
328	WIELKOPOLSKIE	ostrzeszowski	Grabów nad Prosną	marszałki	131 13	2.50	2025-07-22 10:27:04.83336+00	575	51.4619763	18.0856163
329	PODKARPACKIE	przemyski	Żurawica	002 wyszatyce 	1680	19.80	2025-07-22 10:31:52.94066+00	574	49.8237231	22.7998479
330	PODKARPACKIE	przemyski	Żurawica	002 wyszatyce 	1680	19.80	2025-07-22 10:38:11.198203+00	574	49.8237231	22.7998479
331	ZACHODNIOPOMORSKIE	stargardzki	Stargard	żarowo	137/1	6.00	2025-07-22 10:42:27.230388+00	593	53.3841113	14.9920447
332	ZACHODNIOPOMORSKIE	stargardzki	Stargard	grzęzice	272/4 5 6 	18.00	2025-07-22 10:43:11.123564+00	593	53.3089775	15.0316459
333	WIELKOPOLSKIE	pleszewski	Pleszew	nowa wieś	2	7.93	2025-07-22 10:53:04.817274+00	573	51.8893569	17.7703743
334	KUJAWSKO-POMORSKIE	żniński	Janowiec Wielkopolski	Janowiec Wieś	5/2	3.14	2025-07-22 12:38:10.960006+00	587	52.7556702	17.5047425
335	DOLNOŚLĄSKIE	głogowski	Żukowice	Kłoda	49	4.93	2025-07-28 10:31:50.649016+00	216	51.6586	15.9473847
336	DOLNOŚLĄSKIE	głogowski	Żukowice	Brzeg głogowski	551/1	7.04	2025-07-28 10:32:12.624687+00	216	51.6968711	15.9154406
337	WIELKOPOLSKIE	koniński	Krzymów	Borowo	49	1.50	2025-07-28 11:05:18.707085+00	589	52.2045882	18.3927247
338	WIELKOPOLSKIE	koniński	Krzymów	Borowo	66/15	3.20	2025-07-28 11:05:29.551966+00	589	52.2045882	18.3927247
339	WIELKOPOLSKIE	wągrowiecki	Gołańcz	Smogulec	143/35	8.15	2025-07-28 11:09:18.102052+00	597	53.03212	17.32432
340	WIELKOPOLSKIE	złotowski	Okonek	Anielin 	471	1.53	2025-07-28 11:23:04.798612+00	581	53.55646	16.85327
341	WIELKOPOLSKIE	złotowski	Okonek	Anielin 	549	0.88	2025-07-28 11:23:17.251669+00	581	53.55646	16.85327
342	WIELKOPOLSKIE	złotowski	Okonek	Anielin 	550	7.73	2025-07-28 11:23:28.532018+00	581	53.55646	16.85327
343	KUJAWSKO-POMORSKIE	bydgoski	Koronowo	Sitowiec	261/4	4.00	2025-08-04 09:25:32.707316+00	611	53.36754	17.72434
344	KUJAWSKO-POMORSKIE	bydgoski	Koronowo	Sitowiec	261/3	4.00	2025-08-04 09:25:36.711883+00	611	53.36754	17.72434
345	WIELKOPOLSKIE	koniński	Sompolno	Zdrojki	108	1.00	2025-08-06 11:26:09.423444+00	598	52.3173694	18.5607397
346	WIELKOPOLSKIE	koniński	Sompolno	Zdrojki	108	1.00	2025-08-06 11:26:13.711541+00	598	52.3173694	18.5607397
347	KUJAWSKO-POMORSKIE	rypiński	Rypin	Cetki	58	6.50	2025-08-06 11:31:01.239962+00	596	53.06834	19.3295
348	WIELKOPOLSKIE	szamotulski	Wronki	Lubowo	109 i 110	1.00	2025-08-06 11:38:20.05187+00	594	52.7100316	16.3742572
349	POMORSKIE	człuchowski	Debrzno	Debrzno	233	6.00	2025-08-06 11:47:08.928756+00	599	53.53861	17.2338685
350	WIELKOPOLSKIE	wrzesiński	Pyzdry	Rataje	146 i 147	1.60	2025-08-06 11:55:52.770885+00	595	52.1694332	17.687134
351	WIELKOPOLSKIE	wrzesiński	Pyzdry	Rataje	330 i 331	1.60	2025-08-06 11:56:17.513348+00	595	52.1694332	17.687134
352	WIELKOPOLSKIE	jarociński	Żerków	Kretków 	872	5.00	2025-08-06 11:59:46.988233+00	595	52.07517	17.66196
353	KUJAWSKO-POMORSKIE	radziejowski	Radziejów	Kwilno	36/1	4.00	2025-08-06 12:16:13.339315+00	602	52.6341186	18.6062853
354	ZACHODNIOPOMORSKIE	sławieński	Darłowo	Darłowo	27 i 28	4.59	2025-08-06 12:23:09.832928+00	603	54.4421853	16.3884749
355	WIELKOPOLSKIE	rawicki	Jutrosin	Śląskowo	367/9 i 368/1 jedna działka	1.68	2025-08-06 12:29:20.483876+00	605	51.6536197	17.1689896
356	WIELKOPOLSKIE	wągrowiecki	Damasławek	Dąbrowa	336	28.00	2025-08-06 12:35:23.116149+00	606	52.80673	17.49373
357	KUJAWSKO-POMORSKIE	mogileński	Mogilno	Białotul	27/10	5.50	2025-08-07 08:45:10.682354+00	600	52.6615801	18.0494636
358	ŚLĄSKIE	wodzisławski	Marklowice	Marklowice	37	2.00	2025-08-07 08:49:18.580217+00	604	50.0176915	18.51287
359	WIELKOPOLSKIE	pilski	Wysoka	Bondecz	217	15.00	2025-08-07 08:54:08.183+00	607	53.1829333	17.0797137
361	MAZOWIECKIE	przasnyski	Chorzele	Poścień-Zamion	872	4.60	2025-08-07 09:06:32.43846+00	608	53.2387936	21.0465879
362	ZACHODNIOPOMORSKIE	sławieński	Darłowo	Kowalewice	?	0.00	2025-08-07 09:08:18.885405+00	609	54.4416287	16.5610802
363	WIELKOPOLSKIE	kępiński	Trzcinica	Laski	194	1.96	2025-08-07 09:09:58.952764+00	610	51.1943262	18.0263443
364	WARMIŃSKO-MAZURSKIE	giżycki	Giżycko	Upałty	80	2.80	2025-08-07 09:40:16.730486+00	585	54.00443	21.86876
365	WIELKOPOLSKIE	koniński	Sompolno	Zdrojki	107	0.80	2025-08-12 11:10:54.38974+00	598	52.3173694	18.5607397
366	WIELKOPOLSKIE	słupecki	Słupca	Drążna	93 i 94	1.05	2025-08-12 13:32:28.572247+00	578	52.2907012	17.8716447
367	WIELKOPOLSKIE	słupecki	Słupca	Drążna	150/2 i 150/2	4.60	2025-08-12 13:32:48.340468+00	578	52.2907012	17.8716447
368	MAZOWIECKIE	sierpecki	Szczutowo	Dziki Bór	61/8	3.00	2025-08-12 13:36:23.921548+00	592	52.9661558	19.6342195
369	WIELKOPOLSKIE	leszczyński	Święciechowa	Strzyżewice	166	2.00	2025-08-12 13:42:05.107431+00	588	51.8274858	16.5369562
370	OPOLSKIE	kluczborski	Byczyna	Kostów	104	2.50	2025-08-12 13:45:34.924923+00	586	51.1659	18.14783
371	ŁÓDZKIE	łęczycki	Grabów	Smolice	176	3.00	2025-08-12 13:49:57.926854+00	628	52.1029001	19.0542164
372	WIELKOPOLSKIE	pilski	Szydłowo	Skrzatusz	108/5	35.00	2025-08-12 13:58:16.224797+00	625	53.2031838	16.5814156
373	WIELKOPOLSKIE	pilski	Szydłowo	Skrzatusz	107	0.00	2025-08-12 13:58:23.723714+00	625	53.2031838	16.5814156
374	WIELKOPOLSKIE	pilski	Szydłowo	Skrzatusz	106/1	0.00	2025-08-12 13:58:28.512963+00	625	53.2031838	16.5814156
375	WIELKOPOLSKIE	pilski	Szydłowo	Skrzatusz	106/2	0.00	2025-08-12 13:58:32.938937+00	625	53.2031838	16.5814156
376	WIELKOPOLSKIE	pilski	Szydłowo	Skrzatusz	105/6	0.00	2025-08-12 13:58:37.690492+00	625	53.2031838	16.5814156
377	WIELKOPOLSKIE	pilski	Szydłowo	Skrzatusz	103/2	0.00	2025-08-12 13:58:43.493934+00	625	53.2031838	16.5814156
378	LUBUSKIE	żagański	Szprotawa	Cieciszów	24/1	5.00	2025-08-12 14:01:30.515295+00	626	51.56978	15.62612
379	LUBUSKIE	żagański	Szprotawa	Cieciszów	93	0.00	2025-08-12 14:01:39.401899+00	626	51.56978	15.62612
380	LUBUSKIE	żagański	Szprotawa	Cieciszów	23	0.00	2025-08-12 14:01:40.773145+00	626	51.5662363	15.6316967
381	LUBUSKIE	żagański	Szprotawa	Cieciszów	89	0.00	2025-08-12 14:01:45.486308+00	626	51.56978	15.62612
382	LUBUSKIE	żagański	Szprotawa	Cieciszów	90	0.00	2025-08-12 14:01:49.488504+00	626	51.56978	15.62612
383	LUBUSKIE	żagański	Szprotawa	Cieciszów	91	0.00	2025-08-12 14:01:57.86865+00	626	51.56978	15.62612
384	WARMIŃSKO-MAZURSKIE	działdowski	Działdowo	Kisiny	533	4.00	2025-08-12 16:25:01.351949+00	624	53.22399	20.21094
385	WARMIŃSKO-MAZURSKIE	działdowski	Działdowo	Wysoka	80	9.50	2025-08-12 16:25:18.821683+00	624	53.24628	20.08411
386	WARMIŃSKO-MAZURSKIE	działdowski	Działdowo	Krasna-Łąka	19	9.00	2025-08-12 16:25:52.993301+00	624	53.2346517	20.1817841
387	WARMIŃSKO-MAZURSKIE	działdowski	Działdowo	Krasna-Łąka	20	0.00	2025-08-12 16:26:00.149797+00	624	53.2346517	20.1817841
388	WARMIŃSKO-MAZURSKIE	działdowski	Działdowo	Krasna-Łąka	21	0.00	2025-08-12 16:26:03.975788+00	624	53.2346517	20.1817841
389	ŁÓDZKIE	łódzki wschodni	Rzgów	Grodzisko	0	1.70	2025-08-12 16:29:07.538071+00	622	51.6735	19.51981
390	WARMIŃSKO-MAZURSKIE	szczycieński	Rozogi	Spaliny-Wielkie	0	3.20	2025-08-12 16:34:43.053759+00	620	53.47754	21.439
391	ŁÓDZKIE	piotrkowski	Ręczno	Majkowice	214 i 215	4.20	2025-08-12 16:38:21.391053+00	619	51.190641	19.8536831
392	MAŁOPOLSKIE	brzeski	Dębno	Wola dębińska	238/2	0.70	2025-08-12 16:41:00.045708+00	618	49.9734448	20.7097512
393	WIELKOPOLSKIE	koniński	Sompolno	Błonawy	?	15.00	2025-08-12 16:45:35.253185+00	617	52.3471979	18.4478793
394	MAZOWIECKIE	żuromiński	Żuromin	Poniatowo	?	0.00	2025-08-12 16:48:47.712211+00	616	53.0433263	19.8675471
\.


--
-- Data for Name: CrmModuleOne_payment; Type: TABLE DATA; Schema: public; Owner: new_crmuser
--

COPY public."CrmModuleOne_payment" (id, payment_type, amount, due_date, payment_date, status, note, client_id, invoice_file_id) FROM stdin;
\.


--
-- Data for Name: CrmModuleOne_prelead; Type: TABLE DATA; Schema: public; Owner: new_crmuser
--

COPY public."CrmModuleOne_prelead" (id, first_name, phone, city, postal_code, created_at, last_name, note, potential, email, user_id, status, log) FROM stdin;
166	Michał	790303531	\N	\N	2025-05-07 05:13:18+00	Miziewicz	NO 13.05.2025 | Wysłałem SMS	medium	michamiziewicz@gmail.com	1	NO3	[2025-05-28 07:27] Dawid Plat: Nie odbiera\n[2025-05-23 10:58] Dawid Plat: Nie odbiera\n[2025-05-20 09:03] Dawid Plat: Nie odbiera\n
218	Wojciech	698123050	\N	\N	2025-05-09 05:50:50+00	Sroka	None	medium	srokaw190@gmail.com	\N	NN2	[2025-05-28 08:10] Dawid Plat: Numer nieaktywny\n[2025-05-23 11:07] Dawid Plat: Numer nieaktywny\n[2025-05-21 11:50] Tomasz Kowalczuk: Nie odbiera\n
473	Jan	694246590	\N	\N	2025-05-23 12:38:10+00	Szymborski	9.06 Jest na wakacjach, wraca za 2 dni. klasa 5/6. Droga dojazdowa asfaltowa. Przy samym GPZ. Fajny, ma jeszcze załatwić temat z prawnikiem i kontaktować się po 7.07	high	janszymb@gmail.com	1	PR	[2025-07-30 20:20] Dawid Plat: Przekształcono na klienta\n[2025-06-10 10:44] Dawid Plat: Do weryfikacji
145	Jacek	517283440	\N	\N	2025-05-08 11:22:03+00	Leks	Świętkorzyskie, 5/10 pow. Pińczów gmina Dział 28-440 opaktowice 102 (44ary) 104(13arów) 	medium	jacek219@interia.pl	1	NUM	[2025-05-19 09:47] Dawid Plat: Do weryfikacji
223	Jan	577789175	\N	\N	2025-05-11 17:40:36+00	Maternowski	Klasa 4,5,6 | linia średniego napięcia idzie przez działkę | NO 3.06 | NO 9.06 Wysłałem SMS NO 30.06	high	janmaternowski56@wp.pl	1	PR	[2025-07-02 19:50] Dawid Plat: Przekształcono na klienta\n[2025-06-09 08:32] Dawid Plat: Umowa wysłana\r\n[2025-05-29 10:31] Dawid Plat: Do weryfikacji\r\n[2025-05-29 09:26] Dawid Plat: Nie odbiera\r\n[2025-05-28 08:27] Dawid Plat: Nie odbiera\r\n[2025-05-22 11:07] Tomasz Kowalczuk: Nie odbiera
168	Ryszard.	723888744	\N	\N	2025-05-09 01:54:26+00	Młynek	Ma wysłać informacje SMS 21.05 jak nie wyśle przypomnieć mu. Wysłałem SMS.	medium	andrzejmlynek15@wp.pl	\N	NO3	[2025-05-29 09:14] Dawid Plat: Nie odbiera\n[2025-05-28 08:09] Dawid Plat: Nie odbiera\n[2025-05-21 10:56] Tomasz Kowalczuk: Nie odbiera\n
146	Jan	661094410	\N	\N	2025-05-07 16:58:14+00	Lewon	3 x 17 ha, Podlaskie, podpisał umowę misiąc temu 8/10	medium	55tomek@o2.pl	1	NUM	[2025-05-19 09:46] Dawid Plat: Do weryfikacji
211	Kazimierz	723877822	\N	\N	2025-05-10 10:30:19+00	Ziółkowski	Grunt na syna ale ojciec ogarnia i niestety nie wie które działki, mówił że zadzwoni do syna dopytać i przekaże numer 	medium	zkazimierz75@gmail.com	\N	NO3	[2025-05-28 08:11] Dawid Plat: Nie odbiera\n[2025-05-22 12:56] Tomasz Kowalczuk: Nie odbiera\n[2025-05-22 10:25] Tomasz Kowalczuk: Nie odbiera\n
136	Edward	605436938	\N	\N	2025-05-08 14:50:20+00	Piekarski	Sieć wysoka i niska jest 26.05 jest zgoda na magazyny jakąś firma się interesuje gościu starszy bardzo miły 	medium	edward-piekarski@wp.pl	1	PR	[2025-08-07 08:30] Dawid Plat: Przekształcono na klienta\n[2025-06-09 12:39] Dawid Plat: Umowa wysłana\n[2025-05-21 09:06] Tomasz Kowalczuk: Do weryfikacji\n
222	Henryk	727539074	\N	\N	2025-05-11 14:58:05+00	Michalak	Wysłałem SMS	medium	henrykmichalak81@gmail.com	\N	NO3	[2025-05-29 09:15] Dawid Plat: Nie odbiera\n[2025-05-28 08:26] Dawid Plat: Nie odbiera\n[2025-05-22 11:09] Tomasz Kowalczuk: Nie odbiera\n
217	Zofia	790219842	\N	\N	2025-05-08 23:04:20+00	Dominiak	Wysłałem SMS.	medium	dominiakz@gmail.com	\N	NO3	[2025-05-29 09:13] Dawid Plat: Nie odbiera\n[2025-05-28 07:44] Dawid Plat: Nie odbiera\n[2025-05-21 10:52] Tomasz Kowalczuk: Nie odbiera\n
143	Stanisław	790400654	\N	\N	2025-05-08 13:42:31+00	brzozowski	Podlaskie, 7/10, mają dużo działek, około 50\r\n	high	agnieszkabrzozowska221@gmail.com	1	NUM	[2025-05-19 09:47] Dawid Plat: Do weryfikacji
214	Tomasz	888882483	\N	\N	2025-05-11 07:09:18+00	Cyrulewski	27.05 kontakt 4 klasa nie ma umów gość miły ale wydaje mi się świadomy że może nie dojść do skutku chociaż tego nie mówił takie mam odczucia | Ma oddzwonić w poniedziałek. | jeszcze analizuje umowę, dzwonić 27.06 | Ma zadzwonić po 7.07\r\n\r\nadres:\r\nBieganowo 11, 62-305	medium	cyrul_21@wp.pl	\N	UM	[2025-06-03 08:47] Dawid Plat: Umowa wysłana\n[2025-05-22 11:28] Tomasz Kowalczuk: Do weryfikacji\n
139	Artur	663456597	\N	\N	2025-05-08 14:04:23+00	Pakulski	Pozytywny bez zbędnych pytań Kontakt 26.05. Umowa wysłana	medium	artur.pakulski90@wp.pl	1	PR	[2025-06-01 10:59] Dawid Plat: Przekształcono na klienta\n[2025-05-28 14:58] Dawid Plat: Umowa wysłana\n[2025-05-21 08:32] Dawid Plat: Do weryfikacji\n
614	Rafał	784229437	\N	\N	2025-07-31 12:56:09+00	Zabłocki	\N	medium	rafpol7103@gmail.com	\N	ST	\N
215	Mariusz	607935708	\N	\N	2025-05-11 08:58:43+00	Wozniak	gosc spoko ale nie wiem czy cos z tego bedzie średniak. NO 7.06\r\n\r\n\r\nWYSŁAĆ UMOWĘ\r\nMariusz Woźniak\r\nbudzisław Kościelny\r\nul Szkolna 12 A\r\n62-541	medium	mariuszwoz80@poczta.fm	1	PR	[2025-07-09 08:32] Dawid Plat: Przekształcono na klienta\n[2025-06-03 10:01] Dawid Plat: Umowa wysłana\n[2025-05-23 11:24] Dawid Plat: Do weryfikacji\n[2025-05-22 11:34] Tomasz Kowalczuk: Nie odbiera\n
468	Krzysztof	600703290	\N	\N	2025-05-22 08:20:31+00	Domanski	Lubelskie klasa 4 i 5, Wjebali mu 7kw za 50 tys.	medium	krzysztofszczepandomanski@gmail.com	\N	NN2	[2025-06-09 10:39] Dawid Plat: Numer nieaktywny\n[2025-06-09 10:39] Dawid Plat: Numer nieaktywny\n
506	Maciej	501328319	\N	\N	2025-06-10 22:41:54+00	Huchwajda	Odebrała jakaś babeczka. Numer do 509 922 570. Klasa 5, 6. Około 500 metrów to GPZ	medium	huchwajda@vp.pl	1	PR	[2025-07-28 11:25] Dawid Plat: Przekształcono na klienta\n[2025-07-07 13:10] Dawid Plat: Umowa wysłana\n[2025-07-02 10:55] Dawid Plat: Do weryfikacji\n
209	Rafał	662641800	\N	\N	2025-05-10 07:07:14+00	Szukała	27.06 Była umowa 5klasa natura 2000 na całej gminie działka ma 6 ha ale chcę 4 ha wydzierżawić średni młody gość woli godziny wieczorne na telefon około 20 | NO 3.06	medium	rafal-kamila@wp.pl	\N	UM	[2025-06-05 07:41] Dawid Plat: Umowa wysłana\n[2025-05-22 10:03] Tomasz Kowalczuk: Do weryfikacji\n
470	Jerzy	513861133	\N	\N	2025-05-22 18:57:07+00	Pytel	Powiat: Czarnkowsko-trzcianecki, trzcianka, biernatowo 6ha , 2ha klasa 5/6. Mam się przypomnieć sms-em w poniedziałek | 13.06 - ma wysłać mailem numery działek	medium	jerzy.pytel1963@gmail.com	\N	ST	\N
620	Mariusz	694234510	\N	\N	2025-07-30 21:34:39+00	Myszkowski	Klasa 4,5. Droga piaszczysta. Numer działki wyślę SMS	medium	mariusz484@interia.com	\N	ST	\N
615	Aldona	606885726	\N	\N	2025-07-31 10:41:56+00	Adamska	None	medium	bomba1956@interia.pl	\N	NO1	[2025-08-12 16:47] Dawid Plat: Nie odbiera\n
618	Anna	668617434	\N	\N	2025-07-31 07:53:16+00	Duda	Małopolska \r\nklasa 4, droga do utwardzenia.  	medium	anndud5682@gmail.com	\N	NUM	[2025-08-12 16:42] Dawid Plat: Do weryfikacji\n
616	Sebastian	500771117	\N	\N	2025-07-31 09:24:08+00	Wiśniewski	Wyślę SMS z numerami	medium	sebastianwisniewski999@wp.pl	\N	ST	\N
130	Tomek	694779276	\N	\N	2025-05-08 19:24:32+00	Nawrocki	None	low	tomeknavro@wp.pl	\N	NN2	[2025-05-21 10:52] Tomasz Kowalczuk: Numer nieaktywny\n[2025-05-21 10:52] Tomasz Kowalczuk: Numer nieaktywny\n
205	Jarosław	791849155	\N	\N	2025-05-09 14:55:07+00	Smołka	Kontakt 26.05 Klasa 5/6 rozmawiałem z żoną mąż pracuje za granicą Sprawdzić stan zagospodarowania przestrzennego Małgorzata żona, nie wiem czy coś może być ale bardzo naciskała na zagospodarowanie więc wydaje mi się że chcą siano  | NO 3.06}  NO 9.06 Wysłałem SMS.	medium	Jarkosmolka@gmail.com	\N	UM	[2025-07-22 13:04] Dawid Plat: Umowa wysłana\n[2025-05-21 13:13] Tomasz Kowalczuk: Do weryfikacji\n
227	Mariusz	784104575	\N	\N	2025-05-12 07:56:08+00	Staszak	27.05 wtorek po 15 bo pracuje Pogonił jakiś ludzi starszy pan 4,5,6 nie ma przeciwwskazań idzie linia wysokiego napięcia chętny i do zrobienia | NO 3.06 Wysłać umowę jeszcze raz	medium	agatastaszak@vip.onet.pl	\N	UM	[2025-06-09 08:00] Dawid Plat: Umowa wysłana\n[2025-05-22 10:39] Tomasz Kowalczuk: Do weryfikacji\n
429	Maciej	693319167	\N	\N	2025-05-15 12:21:47+00	Rogalski	Wielkopolska, Fajny ma przesłać numer ksiegi wieczystej. Maciejrogalski41@gmail.com | 7.06 Na poniedziałek telefon. Godz. 16:00 \r\n\r\nBrzoza 38, 64-553 Grzebienisko	very_high	rogalskimaciej35@gmail.com	1	PR	[2025-06-16 10:05] Dawid Plat: Przekształcono na klienta\n[2025-06-04 11:45] Dawid Plat: Umowa wysłana\n[2025-05-23 13:00] Dawid Plat: Do weryfikacji\n
422	Rafal	508355143	\N	\N	2025-05-14 21:27:19+00	Grzesik	Oddzwoni dwie działki są linie nowe w okolicy tartak dlatego wymienili ma prywatnie foto 5/6 klasa myślę że potencjał wysoki 	high	rafalspce1976@gmail.com	1	PR	[2025-07-18 14:01] Dawid Plat: Przekształcono na klienta\n[2025-07-18 14:01] Dawid Plat: Umowa wysłana\n[2025-05-22 15:33] Tomasz Kowalczuk: Do weryfikacji\n[2025-05-22 13:00] Tomasz Kowalczuk: Nie odbiera\n
445	Damian	792820145	\N	\N	2025-05-19 10:03:41+00	Boczula	LUBUSKIE. Klasa 3 i 4 | do linii średniego 50 m | Chciał 100 tys od hektara, później zszedł do 50 tys.	medium	dboczula@op.pl	\N	NUM	[2025-05-29 10:47] Dawid Plat: Do weryfikacji\n
459	Bogusław	601878342	\N	\N	2025-05-20 05:53:57+00	Rutecki	Mazowieckie 5/4/6 klasa, nie ma fotowoltaiki	medium	bogdanrutecki484@gmail.com	\N	NUM	[2025-05-23 12:25] Dawid Plat: Do weryfikacji\n
611	Mieczysław	605862999	\N	\N	2025-08-04 09:24:08+00	stypczynski	Z polecenia sam zadzwonił	medium	\N	\N	NUM	[2025-08-04 09:51] Dawid Plat: Do weryfikacji\n
439	Aneta	668737133	\N	\N	2025-05-17 06:32:43+00	Madej	None	medium	amadej084@gmail.com	\N	NN2	[2025-05-29 10:42] Dawid Plat: Numer nieaktywny\n[2025-05-20 11:46] Dawid Plat: Numer nieaktywny\n
431	Henryk	605822224	\N	\N	2025-05-15 13:51:47+00	Borkowicz	Debil	medium	henbor889@gmail.com	\N	NN2	[2025-05-23 12:47] Dawid Plat: Numer nieaktywny\n[2025-05-23 12:47] Dawid Plat: Numer nieaktywny\n
427	Krzysztof	695576143	\N	\N	2025-05-15 08:28:40+00	Bosakiewicz	Dolnośląskie. 4,5,6 Fajny gość	high	bosakiewicz1@onet.pl	\N	NUM	[2025-05-23 14:08] Dawid Plat: Do weryfikacji\n
434	Adam	781870997	\N	\N	2025-05-16 12:51:47+00	Wieleba	Lubelskie, Klasa 3b, Nawet fajny, nic nie robił wcześniej z tą działką	medium	adamwieleba771@gmail.com	\N	NUM	[2025-05-23 12:54] Dawid Plat: Do weryfikacji\n
438	Piotr	724162817	\N	\N	2025-05-16 20:45:41+00	Andersz	Klasa 2 gruntu.	medium	piotrandersz@wp.pl	\N	NN2	[2025-05-29 10:42] Dawid Plat: Numer nieaktywny\n[2025-05-29 10:42] Dawid Plat: Numer nieaktywny\n[2025-05-23 13:27] Tomasz Kowalczuk: Nie odbiera\n
472	Krzysztof	661607808	\N	\N	2025-05-23 09:48:46+00	Biss	Spoko gość do zrobienia stoją wiatraki dzwonić za dwa tygodnie od 23.05	medium	bisskrzysztof001@gmail.com	\N	NUM	[2025-05-23 13:57] Tomasz Kowalczuk: Do weryfikacji\n
424	Piotr	783578693	\N	\N	2025-05-15 05:10:23+00	Wojciechowski	Młody dość, w miarę konkretny. Kontaktować w okolicach września.	medium	p.wojciechowski86@wp.pl	\N	NUM	[2025-06-09 08:39] Dawid Plat: Do weryfikacji\n[2025-05-29 09:49] Dawid Plat: Nie odbiera\n[2025-05-29 09:41] Dawid Plat: Nie odbiera\n
159	Jacek	501039260	\N	\N	2025-05-06 08:41:35+00	Kopec	Lubuskie, Miedz 66-300 , Kuligowo Obeb 121/1, 10 ha 5 6, linia wysokiego napięcia,  zalesienie - Wysłać umowę. Umowa wysłana 16.05.2025. Wysłał maila	medium	kopecjacek@icloud.com	1	UM	[2025-05-19 09:44] Dawid Plat: Umowa wysłana
461	Artur	506166378	\N	\N	2025-05-20 18:23:58+00	Nering	Fajny. klasa 4/5. asfalt i linia. Nie ma planu zagospodarowania przestrzennego.	high	neringartur2@gmail.com	\N	NUM	[2025-06-09 09:14] Dawid Plat: Do weryfikacji\n[2025-06-09 09:06] Dawid Plat: Nie odbiera\n
428	Jozef	601453873	\N	\N	2025-05-15 10:34:35+00	Rytter	Wysłałem SMS.	medium	jozefrytter6@gmail.com	\N	NO3	[2025-06-09 08:41] Dawid Plat: Nie odbiera\n[2025-05-29 09:49] Dawid Plat: Nie odbiera\n[2025-05-23 12:43] Dawid Plat: Nie odbiera\n
471	Jurek	609809118	\N	\N	2025-05-23 06:11:33+00	Bakacz	Dolnośląskie. Ma jeszcze przesłać numery pozostałych dwóch działek. 7.06 Ma pogadać z żoną i odezwać się w poniedziałek/wtorek	medium	jurekkbb@wp.pl	\N	UM	[2025-05-26 10:36] Dawid Plat: Umowa wysłana\n[2025-05-23 11:44] Dawid Plat: Do weryfikacji\n
442	Sławomir	603803296	\N	\N	2025-05-18 11:01:16+00	Nowak	Wysłałem sms.	medium	slawomir1nowak@wp.pl	\N	NO3	[2025-06-09 08:45] Dawid Plat: Nie odbiera\n[2025-05-29 10:43] Dawid Plat: Nie odbiera\n[2025-05-20 11:33] Dawid Plat: Nie odbiera\n
444	Slawomir	510904342	\N	\N	2025-05-18 17:28:35+00	Peja	1 działka 4 ha mazowieckie powiat Mława gm Lipowiec koscielny obreb Rumoka 4/5/6 ktos sie zglaszal przeszła pozytywnie ale firma sie nie odezwał idzie linia przez działke Jajcarz do zrobienia pozytywny 	high	slawomirsztybor@gmail.com	\N	NUM	[2025-05-20 11:32] Dawid Plat: Do weryfikacji\n
452	Henryk	690496603	\N	\N	2025-05-19 19:03:49+00	Wagner	podlaskie moniecki krypno 8 305 328  3,28 2.80	high	henryk-wagner@wp.pl	\N	NUM	[2025-05-20 11:15] Dawid Plat: Do weryfikacji\n
474	Tomek	505518537	\N	\N	2025-05-23 16:58:46+00	Ciesielski	Ma oddzwonić. Głównie 3 klasa. Bedzie się starał przekształcić.	medium	tomekciesielski69@gmail.com	\N	NN2	[2025-06-09 10:36] Dawid Plat: Numer nieaktywny\n[2025-06-09 10:36] Dawid Plat: Numer nieaktywny\n
441	Mieczysław	503919992	\N	\N	2025-05-17 20:55:43+00	Chwała	1 działka 5,89 ale wydzierzawienie troche ponad 3 ha Lubelskie pow Włodawa gm wola uhruska obreb Stulno nr dzialki 89 próbowal byly weryfikacje 1 podpisala umowe i odstapiła ma pompe powietrze sparzył sie chetny bardzo kontakt 26.05 	medium	mieczyslaw.chwala@wp.pl	\N	NUM	[2025-05-20 11:42] Dawid Plat: Do weryfikacji\n
144	Mateusz	667269210	\N	\N	2025-05-08 11:45:02+00	Cytrycki	Chujowy	medium	Mateuszcytrycki88@onet.pl	\N	NN2	[2025-05-21 09:44] Tomasz Kowalczuk: Numer nieaktywny\n[2025-05-21 09:44] Tomasz Kowalczuk: Numer nieaktywny\n
475	Krzysztof	609758038	\N	\N	2025-05-23 17:11:00+00	Sobieraj	klasa 6, droga dojazdowa, słup wysokiego napięcia. \r\nOkoło 9 km, do działki. Odzywać się około 20.08 - konultuje z prawnikiem\r\n\r\nZielona Wieś 88A, Rawicz 63-800	high	sobierajkrzysztof26@gmail.com	\N	UM	[2025-07-22 13:00] Dawid Plat: Umowa wysłana\n[2025-06-09 09:59] Dawid Plat: Do weryfikacji\n
161	Zbyszek	518238980	\N	\N	2025-05-08 09:51:27+00	Wysoczański	80/2 80/3 woj wlkp powiat Czarkowsko/trzcianecki gm Wielen obreb herbutowo razem 11 ha 5/6 i troche4 i jest rzeka na koncu mysli o solarami nie weryfikował jeszcze mlody gosc mowił ze umowa z prawnikiem 15 dzwonic byl w pracy | 28.05 NO | 29.05 wysłałęm SMS | NO 3.06 | Fajny ma umowę, che skonsultować z prawnikiem	high	biniu14@wp.pl	\N	UM	[2025-06-03 08:26] Dawid Plat: Umowa wysłana\n[2025-05-20 10:50] Dawid Plat: Do weryfikacji\n[2025-05-20 10:19] Dawid Plat: Nie odbiera\n
137	Darek	514014700	\N	\N	2025-05-08 14:30:24+00	Pawlik	Na działce słup Sr napięcia jest dojazd mieli problemy z przyłączeniem średni gość to są 4 działki po 1,34 ha  | NO 3.06 6\r\n\r\nBrzustów 66, 97-215 Inowud7daropaw@wp.pl.....	medium	pawlikkrzysiek9@gmail.com	1	PR	[2025-07-10 15:51] Dawid Plat: Przekształcono na klienta\n[2025-06-03 08:30] Dawid Plat: Umowa wysłana\n[2025-05-21 09:21] Tomasz Kowalczuk: Do weryfikacji\n[2025-05-21 09:08] Tomasz Kowalczuk: Nie odbiera\n[2025-05-21 09:00] Tomasz Kowalczuk: Nie odbiera\n
466	Krzysztof	667101412	\N	\N	2025-05-21 22:13:35+00	Michalak	6 klasa. 50 metrów, linia wysokiego napięcia. | NO 7.06\r\n\r\nKrzysztof Michalak\r\nul. Gadów 12,\r\n62-831 Korzeniów	high	krism@cyberia.pl	\N	UM	[2025-07-22 13:14] Dawid Plat: Umowa wysłana\n[2025-05-23 14:25] Dawid Plat: Do weryfikacji\n
457	Andrzej	574550161	\N	\N	2025-05-19 21:45:35+00	Lipinski	Pomorskie. Fajny i zainteresowany. Zajety, zadzwonić 14. Mówi, że raczej 3 klasa. Wyśle dokładne numery SMS. 3.5 ha klasy 4/5	medium	a.lipi.1614@gmail.com	\N	NUM	[2025-06-13 11:30] Dawid Plat: Do weryfikacji\n
449	Mikołaj	506082740	\N	\N	2025-05-19 10:20:54+00	Demianiuk	PODLASKIE. Ma oddzwonić, bo był zajęty. Klasa 4/5. Droga dojazdowa asfaltowa, Blisko.	medium	obcy76@tlen.pl	\N	NUM	[2025-06-09 14:12] Dawid Plat: Do weryfikacji\n[2025-05-20 11:24] Dawid Plat: Nie odbiera\n
497	Krzysztof	665182088	\N	\N	2025-06-12 19:28:46+00	Żukowski	klasa 4 i wyżej, droga dojazdowa, jest słup. 	medium	zukowskik83@gmail.com	\N	UM	[2025-08-06 10:52] Dawid Plat: Umowa wysłana\n[2025-07-07 10:45] Dawid Plat: Do weryfikacji\n[2025-07-02 10:15] Dawid Plat: Nie odbiera\n
467	Witold	668578705	\N	\N	2025-05-21 22:19:09+00	Dzięcioł	Z nowego Tomyśla, nie brzmiał na witolda.	medium	abwitek@wp.pl	\N	NUM	[2025-05-23 12:08] Dawid Plat: Do weryfikacji\n
157	Gacki	572811616	\N	\N	2025-05-06 11:39:07+00	Zbigniew	7,8 ha, klasa 6, 200 metrów do , Lubuskie, strzelcko-dredencki, gmina dobiegniew, obrę podlesiec, 18/18 22tys - Wysłać umowę - Umowa wysłana 16.05.2025 | zadzwonić w piątek lub czwartek | telefon na środę 28.05.2025 fajny gość	high	gacki-zbigniew@wp.pl	1	UM	[2025-05-19 15:20] Dawid Plat: \r\n[2025-05-19 09:45] Dawid Plat: Umowa wysłana
464	Zbyszek	509400070	\N	\N	2025-05-21 09:48:37+00	Sarzała	Łódzkie klasa 5/6. Droga asfaltowa, Blisko do średniego napięcia 300-400 m. Amelin 2A, 98-313 Konopnica	high	zbyszeksarzala43@gmail.com	1	PR	[2025-07-09 08:32] Dawid Plat: Przekształcono na klienta\n[2025-07-07 09:29] Dawid Plat: Umowa wysłana\n[2025-06-09 09:24] Dawid Plat: Do weryfikacji\n
149	Bartek	661753256	\N	\N	2025-05-06 18:48:50+00	Chrusniak	NO 13.05.2025 | Wysłałem SMS.	medium	bartek22chrusniak@wp.pl	1	NO3	[2025-05-28 07:25] Dawid Plat: Nie odbiera\n[2025-05-28 07:25] Dawid Plat: Nie odbiera\n[2025-05-20 09:02] Dawid Plat: Nie odbiera\n
440	marcin	602212525	\N	\N	2025-05-17 09:36:10+00	roch	Nie ma tematu chory gość 	low	janrr1@op.pl	\N	NN2	[2025-05-29 10:43] Dawid Plat: Numer nieaktywny\n[2025-05-23 13:26] Tomasz Kowalczuk: Numer nieaktywny\n
629	Stefan	602485181	\N	\N	2025-08-12 10:56:38+00	Sokolski	\N	medium	pwsokolski@gmail.com	\N	ST	\N
476	Daniel	574079861	\N	\N	2025-05-23 18:45:51+00	Prylewski	Klasa 4 i 5, słup na działce, droga asfaltowa.	medium	dprylewski82@gmail.com	\N	NUM	[2025-06-13 11:41] Dawid Plat: Do weryfikacji\n
456	Jerzy	609652377	\N	\N	2025-05-19 21:03:31+00	Otto	Najprawdopodobniej dostał inną propozycje. Ma przemyśleć i ewentualnie się odezwać.	low	kajak135246@gmail.com	\N	NN2	[2025-05-20 11:06] Dawid Plat: Numer nieaktywny\n[2025-05-20 11:06] Dawid Plat: Numer nieaktywny\n
630	Paweł	509623963	\N	\N	2025-08-12 06:11:49+00	Staniak	\N	medium	pawel.t.staniak@gmail.com	\N	ST	\N
451	Jan	783433473	\N	\N	2025-05-19 11:05:37+00	Jastrząbek	Łodzkie, Bieluń, osiaków, wolki wolkowskie, 70,  3 ha, klasa 4,5,6 	medium	jan.jastrzabek@onet.pl	1	NUM	[2025-05-20 11:20] Dawid Plat: Do weryfikacji\nNone
631	Sebastian	517231062	\N	\N	2025-08-11 21:58:52+00	Leśniewski	\N	medium	sylwester711@o2.pl	\N	ST	\N
632	Jerzy	604405583	\N	\N	2025-08-11 20:29:50+00	Szumowski	\N	medium	jerzyszum68@gmail.com	\N	ST	\N
633	Jerzy	667587617	\N	\N	2025-08-11 19:35:14+00	Domaradzki	\N	medium	jerzy.domaradzki66@gmail.com	\N	ST	\N
150	Tomasz	606275415	\N	\N	2025-05-06 18:17:54+00	Peroń	13.05.2025 - 0,76 ha pow. grodziski, Wielkopolska, wielichowo, 963, klasa 4 | 0,8 ha 905. działka 665 Umowa wtrzeba wysłać, kontakt umówiony na 26.05 23/05 nie odebrał | Wysłałem umowę 28.05 ma dać znać\r\nWielichowo ul. Ogrodowa 10 godz. 	medium	tomasz-pwp.pl@wp.pl	1	PR	[2025-06-23 09:47] Dawid Plat: Przekształcono na klienta\n[2025-05-28 13:46] Dawid Plat: Umowa wysłana\n[2025-05-19 09:45] Dawid Plat: Do weryfikacji
135	Dybuś	500062300	\N	\N	2025-05-08 15:20:49+00	Jola	Pani ma 74 ha w około 10 działkach lub więcej Nie wiem czy wszystkie dzialki podane zostaly, ale chyba nie, wiec teraz dokladne dane z wypisu rejestru gruntow: obreb Santocko gm. Klodawa 51/2;51/3;100/2;100/3;100/7;100/10;140/3;140/5;63/3;99/1; Rebowo gm. Klodawa: 100/11;obreb Santocko gm. Klodawa140/7;obreb Karsko gm. Nowogrodek Pomorski260/3;260/5;obreb Chlopiny gm. Lubiszyn261/7 w trakcie wpisywania wyskakiwał błąd 26.05 telefon | działki obręb chłopiny	medium	joleczkadk@op.pl	\N	UM	[2025-06-03 08:06] Dawid Plat: Umowa wysłana\n[2025-05-21 09:35] Tomasz Kowalczuk: Do weryfikacji\n
134	Jan	606782613	\N	\N	2025-05-08 15:59:17+00	606	mial 3 firmy nie wzial nic pod uwage prawnik weryfikuje firmy 4 kl ostrozny wszystko przez prawnika. Umowa wysłana Głuchowo, kościańska 24 64-020	high	jan.z.ratajczak@wp.pl	1	PR	[2025-06-01 10:59] Dawid Plat: Przekształcono na klienta\n[2025-05-29 11:43] Dawid Plat: Umowa wysłana\n[2025-05-23 11:06] Dawid Plat: Do weryfikacji\n[2025-05-21 09:45] Tomasz Kowalczuk: Nie odbiera\n
465	Piotr	720802475	\N	\N	2025-05-21 20:43:08+00	Gadzała	klasa 4/5. Droga asfaltowa,  2 km do lini średniego napięcia. Dośle jeszcze numery działek	medium	piotr.gadzala@interia.eu	\N	ST	\N
232	Tomasz	501293783	\N	\N	2025-05-13 10:15:38+00	Lendzioszek	27.05 4 kl były kontakty ale nikt się nie odzywa młody gość chce siana średnio to widzę ale był bardzo miły 	medium	jutrzenka3@vp.pl	1	PR	[2025-07-14 11:58] Dawid Plat: Przekształcono na klienta\n[2025-06-09 13:02] Dawid Plat: Umowa wysłana\n[2025-05-22 12:14] Tomasz Kowalczuk: Do weryfikacji\n
477	Michał	692706475	\N	\N	2025-05-23 18:46:26+00	Michalak	Wydzierżawił jedną działkę, już pod magazyny i dostał 42 tys. kupił od nich instalację 3 kw i nawet jej nie założył.	medium	michalmichalak1974@gmail.com	\N	NN2	[2025-07-07 14:27] Dawid Plat: Umowa wysłana\r\n[2025-05-26 11:48] Dawid Plat: Do weryfikacji
598	Krzysztof	661143195	\N	\N	2025-07-27 06:26:33+00	Frątczak	droga asfaltowa dojazdowa i druga gruntowa \r\nsłup na sąsiedniej działce \r\nkl. 5 i 6	medium	fratczakkrzysztof98@gmail.com	\N	UM	[2025-08-12 11:19] Dawid Plat: Umowa wysłana\n[2025-08-06 11:42] Dawid Plat: Do weryfikacji\n
596	Lech	505855738	\N	\N	2025-07-27 09:54:09+00	Graczynski	droga gruntowa wzdłuż działki \r\nkl.3i4 \r\nna granicy działki słup średni 	medium	lechgraczynski2@gmil.com	\N	NUM	[2025-08-06 11:42] Dawid Plat: Do weryfikacji\n
216	Andrzej	783029149	\N	\N	2025-05-11 09:48:32+00	Kucharczyk	27.05 None 9 km od trafostacji klasa 5 ziemi każda firma miała problem z odległością do trafostacji gość konkretny ale na minus  bioactio@o2.pl\r\n\r\nZablokowałem go	medium	endycars@o2.pl	\N	NN2	[2025-06-03 10:01] Dawid Plat: Umowa wysłana\r\n[2025-05-22 11:22] Tomasz Kowalczuk: Do weryfikacji
231	Karol	513746960	\N	\N	2025-05-13 09:34:31+00	Kowalczyk	Kontakt 27.05 Wójt robi pod góre chce wywiad środowiskowy jest słup średniego napięcia  klasa 4 fajny gość do zrobienia ale zwrócić uwagę na wywiad środowiskowy myśli o foto bo nie posiada ale ma jakieś ważniejsze sprawy 	medium	cobra0802@wp.pl	\N	NUM	[2025-05-22 12:23] Tomasz Kowalczuk: Do weryfikacji\n
423	Maria	696048322	\N	\N	2025-05-15 02:34:47+00	Ołdziejewska	Maria  Ołdziejewska,  Boduszewo 9, 62-095 Murowana Goślina prosi o umowę. Chce obgadać z dzieciakami umowę. Wraca 17.07\r\n\r\nNie chcą na razie, może na działki budowlane podzielą. mają się odezwać ewentualnie	medium	rob31510@gmail.com	\N	NN2	[2025-06-03 07:05] Dawid Plat: Umowa wysłana\r\n[2025-05-22 12:59] Tomasz Kowalczuk: Nie odbiera
208	Leszek	507127030	\N	\N	2025-05-09 20:34:21+00	Berlik	26.05 w okolicach jest transformator i linie średniego napięcia młody gość klasy od 4 do 6 są uprawiane rozmawiał z jedną firma we wrześniu wygasa umowa ale jest na 30 miesięcy jest bardzo chętny ma 10 kw foto i magazyn 10 kw i chce pogadać o większym bardzo kontaktowy pozytywny idzie się dogadać   | aldonaleszek!@o2.pl	very_high	leszekberlik@gmail.com	1	PR	[2025-06-02 07:17] Dawid Plat: Przekształcono na klienta\n[2025-05-30 13:21] Dawid Plat: Umowa wysłana\n[2025-05-21 13:47] Tomasz Kowalczuk: Do weryfikacji\n
419	Jacek	663106105	\N	\N	2025-05-14 12:55:39+00	Orłowski	Natura 2000 chujnia z grzybnią	medium	poddebem15@wp.pl	\N	NN2	[2025-05-22 13:04] Tomasz Kowalczuk: Numer nieaktywny\n[2025-05-22 13:04] Tomasz Kowalczuk: Numer nieaktywny\n
417	Janusz	605226759	\N	\N	2025-05-14 08:26:55+00	Bieńkowski6	27.05 klasa ziemi 6/5 Graniczy z GPZ i ma jeszcze jakaś przyległą dużą ma w planach przepis na dzieci myślę że do zrobienia 	medium	gospodarstworolne.bienkowski@wp.pl	\N	NUM	[2025-05-22 13:31] Tomasz Kowalczuk: Do weryfikacji\n
233	Aneta	604065601	\N	\N	2025-05-13 12:02:51+00	Kois	Wysłałem umowę. Jacek. Dzwonić w piątek 20.06. Jest teraz za granicą. Latowice, ul. środkowa 8, 63-405 | 25.06 - 17:30 	low	aneta310303@wp.pl	1	PR	[2025-06-23 09:33] Dawid Plat: Przekształcono na klienta\n[2025-05-28 08:44] Dawid Plat: Umowa wysłana\n[2025-05-22 12:09] Tomasz Kowalczuk: Nie odbiera\n
210	Janusz	665248722	\N	\N	2025-05-10 09:18:31+00	Przepióra	27.05 trochę 3 i 4 klasa 5 i 6 nie ma są uprawiane pojebany zapytałem czy są umówy czy już ktoś się kontaktował a on do mnie że zachowałby to dla siebie masakra frajer nie wiem czy coś z tego będzie | Zrezygnował	medium	j.przepiora28@gmail.com	\N	NN2	[2025-06-03 08:36] Dawid Plat: Umowa wysłana\r\n[2025-05-22 10:21] Tomasz Kowalczuk: Do weryfikacji
425	Teresa	667672558	\N	\N	2025-05-15 05:41:23+00		None	medium	tereska667@o2.pl	\N	NN2	[2025-05-29 09:42] Dawid Plat: Numer nieaktywny\n[2025-05-22 12:57] Tomasz Kowalczuk: Numer nieaktywny\n
204	Wacław	693401577	\N	\N	2025-05-09 12:07:02+00	Rutkowski	Ma propozycje 36 tys jest 200m do średniego napięcia działka niby atrakcyjna rozmowy się toczą nie ma umów gość miły konkretny ale nie wiem czy dojdzie do skutku 26.05 | janina.rutkowska@poczta.onet.pl\r\n\r\nKarski, 64-410 Ostów Wielkopolski\r\nul. środkowa 37	high	waclaw.rutkowski60@gmail.com	1	PR	[2025-06-05 07:49] Dawid Plat: Przekształcono na klienta\n[2025-05-30 13:09] Dawid Plat: Umowa wysłana\n[2025-05-21 12:55] Tomasz Kowalczuk: Do weryfikacji\n
230	Wojtek	607564493	\N	\N	2025-05-13 03:01:03+00	Mislisz	27.05 Prze działkę 20/2 ile linia średniego były rozmowy 4 lata temu 4/5 klasa gość starszy ale myślę że do zrobienia .\r\n\r\nWojtek Mislisz\r\nMrzezino 84-123\r\n123 ul. Płucka 2\r\n\r\npiątek 10:00	medium	z.mislisz@wp.pl	1	PR	[2025-08-07 08:29] Dawid Plat: Przekształcono na klienta\n[2025-06-09 12:48] Dawid Plat: Umowa wysłana\n[2025-05-22 12:42] Tomasz Kowalczuk: Do weryfikacji\n
234	Joanna	609152867	\N	\N	2025-05-13 12:11:59+00	Płucisz	27.05 babeczka starsza ucieszona do przerobienia nie mają siana więc pójdą w to | NO 3.06 | 13.06 dzwonić po weekendzie. czwartek 13:30 Czajcze 69 89-320 Wysoka	high	joannabuczek8@gmail.com	1	PR	[2025-06-30 09:52] Dawid Plat: Przekształcono na klienta\n[2025-06-09 08:13] Dawid Plat: Umowa wysłana\n[2025-05-22 11:53] Tomasz Kowalczuk: Do weryfikacji\n
225	Jacek	695921871	\N	\N	2025-05-11 19:44:43+00	Bresz	27.05 Już mu zakładane foto chce magazyny 4,5,6 chce siano potencjał do zrobienia będzie miał wiatraki. 7.06 Ma zadzwonić jak dojdzie umowa\r\n\r\nWysłać umowę.\r\nJacek Bresz\r\nStrzępin 19,\r\n62-066 Granowo	medium	jacekmarzec57@gmail.com	1	PR	[2025-06-27 06:42] Dawid Plat: Przekształcono na klienta\n[2025-05-30 15:58] Dawid Plat: Umowa wysłana\n[2025-05-22 10:49] Tomasz Kowalczuk: Do weryfikacji\n
228	Stanisław	518954076	\N	\N	2025-05-12 11:33:47+00	Fedorowicz	27.05 4/5/6 klasa były kontakty ale nic nie zrobili zatwierdzone w gminie na foto i magazyny miły facet myślę że do zrobienia ma foto prywatnie | po 14 dzwonić	medium	stanislawf111@gmail.com	\N	UM	[2025-06-03 16:21] Dawid Plat: Umowa wysłana\n[2025-05-22 12:53] Tomasz Kowalczuk: Do weryfikacji\n
212	Jadwiga	603793416	\N	\N	2025-05-10 11:43:14+00	Kurdek	27.05 None 5,6 kl.nie ma umów starsza  kobitka potencjał (średni -)  30.05 NO |	high	jadwiga.kurdek@wp.pl	1	PR	[2025-06-12 08:15] Dawid Plat: Przekształcono na klienta\n[2025-06-12 08:15] Dawid Plat: Umowa wysłana\n[2025-06-03 08:42] Dawid Plat: Umowa wysłana\n[2025-05-22 10:12] Tomasz Kowalczuk: Do weryfikacji\n
501	Leszek	692758936	\N	\N	2025-06-12 07:37:31+00	Brychcy	klasa 5. asfalt. Ma przesłać numer działki.	medium	leszekbrychcy947@gmail.com	\N	UM	[2025-07-07 11:27] Dawid Plat: Umowa wysłana\n[2025-07-02 10:47] Dawid Plat: Do weryfikacji\n
499	Tadeusz	517404051	\N	\N	2025-06-12 12:21:40+00	Czuryło	Klasa 4, droga utwardzona. 	medium	tadziuk1968@onet.eu	\N	NUM	[2025-07-02 10:30] Dawid Plat: Do weryfikacji\n
478	Ryszard	607873175	\N	\N	2025-05-24 05:36:47+00	Pondel	Wielkopolska. Ma przesłać jeszcze numery działek sms. FAJNY | 7.06 \r\nmusi odkupić od siostry jej 0.4 ha i odezwie się około 25.08\r\n	high	pondelryszard@gmail.com	\N	UM	[2025-06-07 10:12] Dawid Plat: Umowa wysłana\n[2025-05-26 11:34] Dawid Plat: Do weryfikacji\n
486	Jan	+48123456789	\N	\N	2025-05-30 16:06:47.581493+00	\N	\N	medium	\N	\N	\N	\N
162	Mirosław	722049494	\N	\N	2025-05-07 14:02:11+00	Słodkowski	None woj. lubuskie powiat wschowa gm sława ob przybyszów nr.działek 301 blisko zabudowan czysty teren nasłonieczniny i 272 około 2.5 ha łaka transformator około 500 m i jest duza trafostacja około 1.5 km klasa 4/5/6 jest oczko wodne i przy oczku jest troszke 3 klasy gosciu starszy w okolicy sa juz farmy w okolicy miły dopowiadał i z checia mowił jak wyglada to w okolicy w zwiazku z farmami ale temat taki (średni -) zlozył kilka formularzy 29.05 godz 1 Przybyszów 66 67-410 sława	medium	miciuss28@gmail.com	1	PR	[2025-05-23 10:10] Dawid Plat: Przekształcono na klienta\n[2025-05-23 10:10] Dawid Plat: Umowa wysłana\n[2025-05-20 10:06] Dawid Plat: Do weryfikacji\n
500	Jozef	502593880	\N	\N	2025-06-12 12:11:29+00	Grudzinski	klasa 4,5 | droga dojazdowa. Wyślę numery sms	medium	grudzinskijozef56@gmail.com	\N	UM	[2025-08-06 09:00] Dawid Plat: Umowa wysłana\n[2025-07-02 10:46] Dawid Plat: Do weryfikacji\n[2025-07-02 10:36] Dawid Plat: Do weryfikacji\n
433	Wojtek	605344296	\N	\N	2025-05-15 23:28:57+00	Żyła	GPZ 12km, 500m. Zadzwonić w poniedziałek, ma we wtorek spotkanie z inną firmą, która chce z nimi zawrzeć umowę.	high	wojtek1982@op.pl	\N	NN2	[2025-05-27 11:26] Dawid Plat: Umowa wysłana\r\n[2025-05-23 13:59] Dawid Plat: Do weryfikacji\r\n[2025-05-23 12:49] Dawid Plat: Nie odbiera
602	Wojtek	663633822	\N	\N	2025-07-24 17:12:36+00	Krzymiński	Droga dojazdowa asfaltowa \r\nsłup średni 400m\r\nkl 4 i troszke 3b	medium	wojtekgrzes@vp.pl	\N	NUM	[2025-08-06 12:18] Dawid Plat: Do weryfikacji\n
148	Jan	691742390	\N	\N	2025-05-07 06:53:03+00	Matczak	Odolanów, 63-430 Ostowski, 4 ha , 10/85 obręb huta | 14/80 14/81 14/82 14/83 14/84 14/86 | 1684/1 obrę świeca  średnie napięcie. Wysłać umowę na maila. telefon w poniedziałek. Brak zapisu dotycącego przeniesienia czynszu na osoby dziedzczące. Chcę się skontaktować z prawnikiem, kontakt na 2.06.2025. Wysłać maila, którymi jesteśmy zainteresowani.	high	janmatczak@wp.pl	1	UM	[2025-05-23 08:21] Dawid Plat: Umowa wysłana\n[2025-05-19 09:46] Dawid Plat: Do weryfikacji
484	Ryszard	606106849	\N	\N	2025-05-25 12:19:11+00	Niedzielski	Klasa 5/6. Około kilometr do GPZ. Prześle numer działki SMS. \r\n\r\nLasocin 8, 66-120 Korzuchów. 	medium	ryszard-niedzielski@wp.pl	1	PR	[2025-07-30 20:20] Dawid Plat: Przekształcono na klienta\n[2025-07-15 08:42] Dawid Plat: Umowa wysłana\n[2025-05-26 11:54] Dawid Plat: Do weryfikacji\n
147	Szymon	693538158	\N	\N	2025-05-07 12:23:23+00	Paluszak	woj kuj-pom powiat mogilno gm jeziora wielkie miejscowosc krzywe kolano 114 nr działki ponad 6 ha 6/6 kl  linia przechodzi przez dzialke po granicy idzie druga linia a po drugiej stronie ulicy jest transformator działka przy ulicy ta sama gmina miejscowosc Lubstówek nr 8 1.7 ha okolo i numer 16 rozdzielone rowem melioracyjnym 3.4 ha i takze 5/6 do lini jest okolo 300 metrow gosciu miły wydaje sie ze jest chetny bardzo przychylnie podawal informacje i byl szczególarzem okolo 40 lat 23.05 nie odebrał umowa na email 23,05 bardzo chetny 27.05 dzwonic jak sie rozliczac z kwoty. Um ówieni na środę, bo nie zdąrzył.	high	szymonpaluszak@wp.pl	\N	UM	[2025-05-23 09:50] Dawid Plat: Umowa wysłana\n[2025-05-20 09:50] Dawid Plat: Do weryfikacji\n
480	Zbigniew	609089734	\N	\N	2025-05-24 14:27:24+00	Rybałtowski	Podlaskie	medium	borybka@wp.pl	\N	NUM	[2025-06-09 10:32] Dawid Plat: Do weryfikacji\n[2025-06-09 10:32] Dawid Plat: Do weryfikacji\n
481	Artur	605058740	\N	\N	2025-05-25 04:29:38+00	Bogus	Klasa 5/6. Droga dojazdowa. 20 metrów, 150 metrów. Fajny\r\n\r\nNowiny ul. Długa 145, 42-133 weglowice 	medium	olecka22@interia.pl	\N	NUM	[2025-06-10 08:44] Dawid Plat: Do weryfikacji\n[2025-06-09 10:39] Dawid Plat: Nie odbiera\n
482	Władysław	604585989	\N	\N	2025-05-25 07:28:25+00	Walewander	godzina 10:00\r\n\r\nPiotrowo 18, 64-630\r\n	high	wwalewander@interia.pl	1	PR	[2025-07-30 20:20] Dawid Plat: Przekształcono na klienta\n[2025-07-07 14:05] Dawid Plat: Umowa wysłana\n[2025-05-26 11:08] Dawid Plat: Do weryfikacji\n
483	Łukasz	695735751	\N	\N	2025-05-25 08:14:26+00	Grotkowski	Klasa 5 i Klasa 6 | Podpisał z inna firmą na początku roku, ale zadzwonili że nie zgodziła się energetylka. Miało to być pod magazyn,. Proponowali 30 tys, za ha, niby nic nie chcieli wciskać	medium	lukaszgrotkowski4@gmail.com	\N	NUM	[2025-05-27 11:33] Dawid Plat: Do weryfikacji\n
601	Leszek	534236043	\N	\N	2025-07-25 05:31:33+00	Szymczak	None	medium	leszekszymczak79@gmail.com	\N	NN2	[2025-08-06 12:10] Dawid Plat: Numer nieaktywny\n[2025-08-06 12:10] Dawid Plat: Numer nieaktywny\n
151	Sławomir	603927469	\N	\N	2025-05-06 17:13:16+00	Dębek	Wysłałem SMS.	medium	s74596508@gmail.com	\N	NO3	[2025-05-28 07:23] Dawid Plat: Nie odbiera\n[2025-05-23 10:57] Dawid Plat: Nie odbiera\n[2025-05-20 09:01] Dawid Plat: Nie odbiera\n
430	Radosław	601422462	\N	\N	2025-05-15 12:23:20+00	Janiak	klasa 4, 5, 6. Fajny koleś ma Magazyn Energii i Foto, założone w zeszłym roku. Ma dosłać numery działek smsem. | NO 7.06 \r\ndzwonić po 15.08 	medium	roy.j@op.pl	\N	UM	[2025-07-22 13:47] Dawid Plat: Umowa wysłana\n[2025-05-23 13:29] Dawid Plat: Do weryfikacji\n
487	Jan	+48123456789	\N	\N	2025-05-30 16:13:40.817276+00	\N	\N	medium	\N	\N	\N	\N
488	Jan	+48123456789	\N	\N	2025-05-30 16:15:19.274076+00	\N	\N	medium	\N	\N	\N	\N
450	Tadeusz	534019643	\N	\N	2025-05-19 10:31:59+00	Przygoński	Wysłałem SMS.	medium	tadek1706@tlen.pl	\N	NO3	[2025-06-09 08:53] Dawid Plat: Nie odbiera\n[2025-05-23 12:26] Dawid Plat: Nie odbiera\n[2025-05-20 18:44] Dawid Plat: Nie odbiera\n
479	Sławomir	697660323	\N	\N	2025-05-24 12:01:24+00	Dankowski	Jest droga dojazdowa. droga polna, Do słupa jest 500 metrów. Fajny. Sitowiec 3 86-010 koronowa. 10:00	very_high	slawomirdankowski25@gmail.com	1	PR	[2025-06-10 18:39] Dawid Plat: Przekształcono na klienta\n[2025-06-10 15:09] Dawid Plat: Umowa wysłana\n[2025-06-09 10:33] Dawid Plat: Do weryfikacji\n[2025-05-26 11:17] Dawid Plat: Nie odbiera\n
485	Dżordż	669668551	\N	\N	2025-05-25 12:49:40+00	Ojciec	Klasa 4/5/6. Droga dojazdowa, około 300-400. 	medium	mieszkokamieniarz@wp.pl	\N	NUM	[2025-06-10 10:37] Dawid Plat: Do weryfikacji\n
140	Mariusz	512308280	\N	\N	2025-05-08 12:32:50+00	Biernat	Wysłałem SMS	medium	sylwiaring1975@wp.pl	\N	NO3	[2025-05-28 07:43] Dawid Plat: Nie odbiera\n[2025-05-21 08:59] Tomasz Kowalczuk: Nie odbiera\n[2025-05-21 08:35] Tomasz Kowalczuk: Nie odbiera\n
420	Wladyslaw	663916197	\N	\N	2025-05-14 18:29:28+00	Wrzos	Podpisał umowę dwa miesiące temu. Fajny gość, 22 tys za ha. Ma mieszkanie we włoszech nad jeziorem :)	medium	valdiwrzos@gmail.pl	\N	NUM	[2025-05-28 10:28] Dawid Plat: Do weryfikacji\n[2025-05-22 13:03] Tomasz Kowalczuk: Nie odbiera\n[2025-05-22 13:02] Tomasz Kowalczuk: Nie odbiera\n
418	Mieczyslaw	514661174	\N	\N	2025-05-14 12:35:31+00	Kilinski	Lubelskie. Klasa 5/6, Słupy średniego napięcia. Jak daleko, jest do GPZ.	medium	miecio58kil@gmail.com	\N	NUM	[2025-05-28 11:11] Dawid Plat: Do weryfikacji\n[2025-05-28 10:18] Dawid Plat: Nie odbiera\n[2025-05-22 13:06] Tomasz Kowalczuk: Nie odbiera\n
608	Dariusz	505323749	\N	\N	2025-07-22 14:58:00+00	Kucinski	klasa 5-6, słupy są średniego, działka przy drodze asfaltowej, 	medium	dariuszkuciej@gmail.com	\N	NUM	[2025-08-07 09:06] Dawid Plat: Do weryfikacji\n
165	Mirosław	785200401	\N	\N	2025-05-07 07:30:01+00	Przybylski	13.05.2025 - Ma około 80 ha, w czterech kompleksach po kilkanaście działek, wyśle na maila numery. Chciałby dostać gwarancję bankową, że doprowadzimy do stanu pierwotnego.  Wysłałem umowę	medium	miroslaw.przybylski@gmail.com	1	UM	[2025-05-28 14:07] Dawid Plat: Umowa wysłana\n[2025-05-19 09:46] Dawid Plat: Do weryfikacji
494	Krystian	667144108	\N	\N	2025-06-08 05:51:54+00	Andrzejewski	None	medium	k.andrzejewski1984@wp.pl	\N	NO3	[2025-08-12 13:28] Dawid Plat: Nie odbiera\n[2025-07-02 09:44] Dawid Plat: Nie odbiera\n[2025-06-24 11:59] Dawid Plat: Nie odbiera\n
435	Piotr	602157088	\N	\N	2025-05-16 13:13:10+00	Czeczot	Świętokrzyskie | klasa 4,5,6 | 5 km do GPZ | od 10 czerwca dzwonić | sąsiad ma też 2 ha. \r\n\r\nPrząsław 60A,\r\n28-300 Jędrzejów	high	piotrczeczot07@gmail.com	1	PR	[2025-07-14 11:58] Dawid Plat: Przekształcono na klienta\n[2025-07-14 11:58] Dawid Plat: Umowa wysłana\n[2025-05-29 10:31] Dawid Plat: Do weryfikacji\n[2025-05-23 12:55] Dawid Plat: Nie odbiera\n
432	Stefan	724509581	\N	\N	2025-05-15 20:52:41+00	Basiński	Klasa 5 i 6, Przechodzi linie średniego napięcia	medium	stefanbasinski875@gmail.com	\N	NUM	[2025-05-29 09:52] Dawid Plat: Do weryfikacji\n[2025-05-23 12:48] Dawid Plat: Nie odbiera\n
416	Arek	663701809	\N	\N	2025-05-14 08:09:16+00	Ryckowski	Ma oddzwonić. Ma dosłać numer działki	medium	arekryckowski21@gmail.com	\N	NO2	[2025-05-28 10:04] Dawid Plat: Nie odbiera\n[2025-05-22 13:32] Tomasz Kowalczuk: Nie odbiera\n
155	Danusia	691898238	\N	\N	2025-05-06 12:35:42+00	Pie	woj. Pomorskie | gmina Kościerzyna, 7000 m2 , 120/7 120/6 Nowy Port  83-423 | 400 M\r\n\r\nJózef Pietruszka\r\n83-423 wielki klincz \r\nwielki podleś 39\r\n\r\nUmówiony na 16 w sobotę	high	pkajozef@gmail.com	1	PR	[2025-05-30 11:25] Dawid Plat: Przekształcono na klienta\n[2025-05-19 09:45] Dawid Plat: Do weryfikacji
138	Grzegorz	507112756	\N	\N	2025-05-08 14:19:58+00	Szurgot	Pan już ma 9 ofert i zrobił przetarg wszystko przechodzi weryfikację dobrze nasłonecznione od 6 czerwca będzie jedynym właścicielem ziemia ze spadku bardzo fajny średni 26.05 kontakt ma 2 transformatory około 500 m od działki nie ma foto ale się zastanawia i myśli o turbinie. ^ Pan właścicielem zostanie oficjalnie 6.06.2025.. Wysłałem umowę	medium	szurgot1@vp.pl	\N	UM	[2025-05-30 11:40] Dawid Plat: Umowa wysłana\n[2025-05-21 08:54] Tomasz Kowalczuk: Do weryfikacji\n
220	Zbigniew	601526110	\N	\N	2025-05-09 10:11:47+00	Mandelke	4/5/6 klasa | 50 lat mają z żoną | mieli propozycję z innej firmy. Umówieni na środę około 17:00.  \r\n\r\nZacharzyn 123,	medium	zbigniewmandelke69@wp.pl	1	PR	[2025-06-10 09:56] Dawid Plat: Przekształcono na klienta\n[2025-05-30 12:49] Dawid Plat: Umowa wysłana\n[2025-05-23 11:15] Dawid Plat: Do weryfikacji\n[2025-05-23 11:14] Dawid Plat: Numer nieaktywny\n[2025-05-21 12:23] Tomasz Kowalczuk: Nie odbiera\n
491	Tomasz	508289754	\N	\N	2025-06-07 16:54:29+00	Srokowski	Klasa 4. Droga dojazdowa jest, słup średniego. Ma dosłać numery działek	medium	tomasz2274@ont.pl	\N	NUM	[2025-06-13 11:50] Dawid Plat: Do weryfikacji\n
160	Marek	536594619	\N	\N	2025-05-08 16:43:13+00	Tymecki	Nie weryfikował 26.05 chętny na siano ale trochę bez życia wydaje mi się że może kręcić nosem. \r\n\r\nŁęg 9, 63-304 Czernin czwartek 10:00.	medium	mar.tym77@wp.pl	1	PR	[2025-06-07 09:51] Dawid Plat: Przekształcono na klienta\n[2025-05-29 11:51] Dawid Plat: Umowa wysłana\n[2025-05-21 09:52] Tomasz Kowalczuk: Do weryfikacji\n
605	Przemysław	783014446	\N	\N	2025-07-23 11:38:42+00	Plewa	droga dojazdowa polna utwardzona \r\nkl. pow 3\r\nnie ma słupa ale idzie elektryka w ziemi do której można sie podłączyć?	medium	przemekplewa@onet.pl	\N	UM	[2025-08-12 11:09] Dawid Plat: Umowa wysłana\n[2025-08-06 12:31] Dawid Plat: Do weryfikacji\n
607	Tomasz	661656112	\N	\N	2025-07-22 15:05:43+00	Napierała	Klasa 4-6, słup średniego napięcia, droga dojazdowa asfaltowa	medium	tomasz.nap420@gmail.com	\N	NUM	[2025-08-07 08:55] Dawid Plat: Do weryfikacji\n
609	Katarzynna	604833338	\N	\N	2025-07-22 03:56:36+00	Bogus	Mam dzwonić po 15:00	medium	z.grosz@interia.pl	\N	ST	\N
490	Krzysztof	668403444	\N	\N	2025-06-07 16:12:12+00	Polus	Nie mógł rozmawiać.	medium	kitapolus1@gmail.com	\N	ST	\N
133	Maciej	782985717	\N	\N	2025-05-08 16:57:58+00	Ziętkiewicz	Na działce 68/43 stoi wiatrak pan jest chętny 133 działka 1,3 ha ale połowa dziko zarośnięta Olszyna 88/2 która jest samosiejka i można wyciąć bez pozwoleń 88/1 kuzynki kawalek moze poddzierzawic foto ma i do rozmowy chętnie na temat magazynu spoko gość i jest bardzo chętny 5 klasa ziemi. 29.05 kontakt. W razie, czego to go budzić.\r\n\r\nBożykowo ul. Wrzesińska 40, 82-307	very_high	maciejj.zietkiewicz@gmail.com	1	PR	[2025-06-24 17:36] Dawid Plat: Przekształcono na klienta\n[2025-05-23 10:46] Dawid Plat: Umowa wysłana\n[2025-05-21 11:38] Tomasz Kowalczuk: Do weryfikacji\n[2025-05-21 10:02] Tomasz Kowalczuk: Nie odbiera\n
167	Andrzej	608347255	\N	\N	2025-05-09 04:21:37+00		Średnia linia przy działce jest trochę lasu do wycięcia konkretny miły wstępne rozeznanie ale pyta czy jest ubezpieczona inwestycja w momencie kiedy firma znika a elektrosmieci zostają do utylizacji . 2.06.2025 - Jeszcze nie przeczytał\r\n\r\n62-001 Goleczewo\r\nul. Polna 18\r\npiątek godz. 13:30	medium	andrejs@op.pl	\N	UM	[2025-05-30 12:36] Dawid Plat: Umowa wysłana\n[2025-05-21 12:58] Tomasz Kowalczuk: Do weryfikacji\n[2025-05-21 11:11] Tomasz Kowalczuk: Do weryfikacji\n
493	Robert	665391800	\N	\N	2025-06-08 03:38:08+00	Nowak	Ma wysłać sms.	medium	robertn@euroledlighting.com	\N	ST	\N
508	Andrzej	501299520	\N	\N	2025-06-10 04:43:55+00	Świć	None	medium	andrzejswic50@wp.pl	\N	NUM	[2025-06-24 12:43] Dawid Plat: Do weryfikacji\n
505	Dariusz	884151082	\N	\N	2025-06-11 11:31:02+00	Szatalowicz	4,5,6 klasa. Droga dojazdowa jest, Słup średniego napięcia.	medium	szatan196603@gmail.com	\N	NUM	[2025-07-01 17:18] Dawid Plat: Do weryfikacji\n
142	Tomasz	501649983	\N	\N	2025-05-08 09:00:30+00	Parużyński	| woj wilkopolskie powiat Kaliski gm Żelazkow miejscowość Pulko 15 obreb pulko 15 1,86 ha przylegle z działka mieszkalna grunt faktyczny okolo 1,7 ha  kl 3/4 zaprasza do wspólpracy aktualnie jest kukurydza wiec do pazdiernika jest nie do ruszenia slabo to widze wyskoczył na starcie z prawnikami zeby przyjechac i oni zweryfikuja prawnie starszy wydaje mi sie ze gbur chce pieniadze ale wydaje sie byc naturalnie nie miły i bardzo nie ufny stworzyć chciał granice i pokazac ze jest ostrożny mowiac o prawnikach 23.05 nie odebrał | 28.05 wysłać umowę - ma przesłać adres email\r\n\r\nPulko 15, 62-800 Kalisz	very_high	paruzynskit@gmail.com	1	UM	[2025-05-28 14:25] Dawid Plat: Umowa wysłana\n[2025-05-20 10:18] Dawid Plat: Do weryfikacji\n
156	Kamil	793321610	\N	\N	2025-05-06 11:40:40+00	Surówka	NO 12.05.2025 | woj. Podkarpackie Powieat rzeszów gmina pyczyn obreb rzeszów  dane działęk wysle smsem około 20 20.05.2025 młody wydaje sie ogarniety i sympatyczny. rozmawiał z ochota pewnie mocno zainteresowany i entuzjastyczny czekamy na nr dziełek ma wyslac dzwonilem 23.05 | NO 28.05 | NO 3.06	medium	jjuby698@gmail.com	1	NUM	[2025-05-20 08:59] Dawid Plat: Do weryfikacji\n
164	Michał	511102582	\N	\N	2025-05-07 08:07:42+00	Chudy	Młody, trochę cwaniaczek - wysłał SMS z numerami:\r\n51/2,51/3,100/2,100/3,140/3,140/5,99/1,63/3,260/3,260/5,261/5,261/7 nieruchomosci te sa polozone w Santoku gm.Klodawa, Kalsku gm. Nowogrodek i Chlopinach gm.Lubiszyn | NO 3.06	medium	grizzlies.gorzowwlkp@gmail.com	\N	NUM	[2025-05-28 07:33] Dawid Plat: Do weryfikacji\n[2025-05-20 09:04] Dawid Plat: Nie odbiera\n
206	Bolek	607548232	\N	\N	2025-05-09 16:11:22+00	Godzieba	26.05 2/3 klasa ziemi działka 302/1 druga działka 4/5/6 klasa bardzo chętny ma foto 9.8 na starych nie ma magazynu zastanawia się nad magazynem do zrobienia | NN 3.06 Zacina mu się internet.\r\n\r\nUmowa na maila:\r\nBolesław Godzieba\r\nŚwidminek 17,\r\n78-300 Świnin	high	boleslawgodzieba@wp.pl	\N	UM	[2025-06-03 15:59] Dawid Plat: Umowa wysłana\n[2025-05-21 14:08] Tomasz Kowalczuk: Do weryfikacji\n[2025-05-21 13:14] Tomasz Kowalczuk: Nie odbiera\n
207	Krzysztof	888988275	\N	\N	2025-05-09 17:27:20+00	Kubasik	26.05 kontakt Miał jakąś umowę ale Umowa wygasła ma wysłać nr drugiej działki młody facet wydawał się normalny ale w trakcie rozmowy szedł do notariusza więc za wiele nie dało się wyczuć | 30.05.2025 NO | 7.06 NO\r\n\r\n\r\nNa przyszły tydzień się umówić. \r\nKrzysztof Kubasik\r\nGaj 5A,\r\n62-230 Lipkowo	medium	kubasik.krzysztof05@o2.pl	1	PR	[2025-07-09 08:32] Dawid Plat: Przekształcono na klienta\n[2025-05-30 16:23] Dawid Plat: Umowa wysłana\n[2025-05-21 13:30] Tomasz Kowalczuk: Do weryfikacji\n
219	Radosław	519620152	\N	\N	2025-05-09 09:49:13+00	Borecki	26.05 Kontakt Wysłał kilka formularze ale jesteśmy pierwsi z kontaktem klasa 5/6 nie ma umów linia wysokiego napięcia idzie przez działkę 119 bardzo fajny gość myślę że do zrobienia ma foto pompę nie ma magazynu ma kilka budynków z foto i magazynami pawlikkrzysiek9@gmail.com | NO 3.06\r\n\r\n56-410 Dobroszyce\r\nul. Górna 28	high	radoslawborecki@wp.pl	1	PR	[2025-06-05 08:05] Dawid Plat: Przekształcono na klienta\n[2025-06-05 08:04] Dawid Plat: Umowa wysłana\n[2025-05-21 12:56] Tomasz Kowalczuk: Do weryfikacji\n[2025-05-21 12:19] Tomasz Kowalczuk: Do weryfikacji\n[2025-05-21 12:12] Tomasz Kowalczuk: Do weryfikacji\n
443	Krzysztof	601703904	\N	\N	2025-05-18 15:56:35+00	Twardowski	klasa 4. Fajny młody, nie ma jeszcze magazynu.	medium	krzysztof.t.t@wp.pl	\N	NUM	[2025-06-09 08:51] Dawid Plat: Do weryfikacji\n[2025-05-29 10:43] Dawid Plat: Nie odbiera\n[2025-05-23 13:23] Tomasz Kowalczuk: Nie odbiera\n
460	Marian	530607808	\N	\N	2025-05-20 10:59:40+00	Przychódzki	Zajebisty dziadek. Zapytać, który miał próg dochodowy, we wtorek ma być u niego ktoś z magazynem. Zadzwonić w środę. Nie przejdzie w banku	very_high	przychodzimarian@gmail.com	\N	NUM	[2025-05-23 12:20] Dawid Plat: Do weryfikacji\n
492	Potrzaskany	516436869	\N	\N	2025-06-07 18:49:25+00	Beret	None	medium	zasuwator1@wp.pl	\N	NO1	[2025-06-09 10:48] Dawid Plat: Nie odbiera\n
158	Bożena	511480703	\N	\N	2025-05-06 09:16:26+00	Dziekońska	Wysłałem SMS. Klasa 4/5/6. Droga dojazdowa, słup 50m.	medium	bozena.dziekonska@op.pl	1	NUM	[2025-06-09 11:18] Dawid Plat: Do weryfikacji\n[2025-05-28 07:22] Dawid Plat: Nie odbiera\n[2025-05-23 10:56] Dawid Plat: Nie odbiera\n[2025-05-21 12:20] Tomasz Kowalczuk: Nie odbiera\n
496	Wojtek	517612186	\N	\N	2025-06-08 07:23:52+00	Felsztynski	Klasa 4/5, około kilometr do linii wysokiego napięcia.	medium	wojciechfelsztynski50@gmail.com	\N	NUM	[2025-06-09 11:11] Dawid Plat: Do weryfikacji\n[2025-06-09 10:58] Dawid Plat: Nie odbiera\n
163	Drobek	692446844	\N	\N	2025-05-07 12:17:09+00	Stanisław	powiat zielona góra woj lubuskie gm trzebiechów obreb radowice powiat zielona góra działki 190, 191/1, 206/3 podpisał jakas umowe 2 lata temu zero odezwu eko grunty zrobiły w chuja warunki do dupy i odstapili od umowy próbowali wcisnac Gosciu ostrożny i bojazliwy ale pewnie wezmie bardzo miły i sympatyczny wstaw na 191/1 drewutnia graniczy z lasem  zachacza o ochrone śr chce miec przyłacze do głównej sieci . Na dachu ma solary od 2020 roku 5.04 kw  kontakt 23.05 chuj ma mecenasa jest kawalek krajobrazu zadowala go 23 do 25 tys odezwie sie po wizycie w gminie czy bedzie ok kontakt 26-29/05	high	stdrobek@gmail.com	\N	NN2	[2025-05-20 09:30] Dawid Plat: Do weryfikacji
154	Anna	601776240	\N	\N	2025-05-06 14:54:02+00	\N	Woj. Wielkopolska, Murowana-goślina, 59/1. Nie odbiera 20.05.2025. Dzwonić w poniedziałek około 9-10, wtedy umówi się konkretnie.Prześle swoją umowę z poprzednią firmą.	very_high	anja.dwk@gmail.com	1	PR	[2025-07-16 13:17] Dawid Plat: Przekształcono na klienta\n[2025-05-23 10:04] Dawid Plat: Umowa wysłana\n[2025-05-19 09:45] Dawid Plat: Do weryfikacji
226	Rafał	698688287	\N	\N	2025-05-11 20:38:37+00	Hadaś	klasa 5 | do lini średniego napięcia około 100 m | 13 km. | NO 3.06 \r\n\r\nRolna 8, Szamocin na 13:30.	medium	rafal_hadas@poczta.onet.pl	1	PR	[2025-06-10 09:54] Dawid Plat: Przekształcono na klienta\n[2025-06-09 07:54] Dawid Plat: Umowa wysłana\n[2025-05-29 09:30] Dawid Plat: Do weryfikacji\n[2025-05-28 08:28] Dawid Plat: Nie odbiera\n[2025-05-22 10:42] Tomasz Kowalczuk: Nie odbiera\n
489	Kazimierz	606515858	\N	\N	2025-06-07 14:07:07+00	Korendowicz	Zastanawia się	medium	kazimierzkorendowicz@interia.pl	\N	NO1	[2025-06-09 10:41] Dawid Plat: Nie odbiera\n
152	Barbara	697758095	\N	\N	2025-05-06 17:00:27+00	Ratajczyk	5/6 klasa ziemi nie ma umów starsza pani do zrobienia rozmawiała z jedną firma ma się upewnić czy te działki są prawidłowe i w sobotę napisze SMS.	medium	barbara-ratajczyk@o2.pl	1	NN2	[2025-06-05 08:05] Dawid Plat: Przekształcono na klienta\r\n[2025-05-28 14:24] Dawid Plat: Umowa wysłana\r\n[2025-05-21 14:18] Tomasz Kowalczuk: Do weryfikacji\r\n[2025-05-21 12:20] Tomasz Kowalczuk: Numer nieaktywny\r\n[2025-05-21 12:20] Tomasz Kowalczuk: Numer nieaktywny
610	Andrzej	668987755	\N	\N	2025-07-22 03:42:24+00	Kossek	Klasa 5-6. Nie ma słupa na działcę. do drogi asfaltowej prowadzi droga gminna nieutwardzona 500 metrów.	medium	andrzejkossek@interia.pl	\N	NUM	[2025-08-07 09:12] Dawid Plat: Do weryfikacji\n
634	Mateusz	605496782	\N	\N	2025-08-11 14:16:49+00	Bereszyński	\N	medium	bmateusz1983@gmail.com	\N	ST	\N
635	Bartłomiej	697497004	\N	\N	2025-08-11 06:33:40+00	Mela	\N	medium	bartek.mela@wp.pl	\N	ST	\N
513	Łukasz	603865131	\N	\N	2025-06-08 19:26:20+00	Włodarczyk	Ma dosłać numer działki,	medium	oliwiaczupryniaj@gmail.com	\N	NO1	[2025-07-02 09:46] Dawid Plat: Nie odbiera\n
603	Leokadia	608813551	\N	\N	2025-07-24 13:29:38+00	Grazyna	dwie działki lacznie ponad 4ha przedzielone drogą gruntową utwardzoną. \r\nkl.4 \r\nsłup średni 500m 	medium	rezydencja@legrams.pl	\N	NUM	[2025-08-06 12:24] Dawid Plat: Do weryfikacji\n
141	Irena	665488871	\N	\N	2025-05-08 10:09:36+00	Tarczyńska	W marcu 2026 kończy się wspólna własność po rozwodzie starsza pani były jakieś kontakty z firmami ale nic konkretnego 26.05 kontakt  Wysłałem SMS | NO 3.06 | Wraca z zagranicy w lipcu \r\n\r\nDziałke ma tu, ale miszka w swarzędzu)	medium	irena.tarczynska@onet.pl	\N	UM	[2025-06-07 09:33] Dawid Plat: Umowa wysłana\n[2025-05-21 09:44] Tomasz Kowalczuk: Do weryfikacji\n[2025-05-20 10:20] Dawid Plat: Nie odbiera\n
436	Lukasz	888269688	\N	\N	2025-05-16 13:59:03+00	Koligot	Nie ma pozwolenia na przyłącze farmy do energetyki prawie doszło do skutku ale jest rozwiązanie umowy gość chętny i normalny myślę że do zrobienia nie ma foto 26/27.05 kontakt | No 4.06\r\n\r\nDo 8.08 ma umowę z inną firmą, fajny.  Spotkać się może tylko w weekendy.	medium	lukaszkoligot1985@wp.pl	\N	UM	[2025-06-30 11:00] Dawid Plat: Umowa wysłana\n[2025-05-23 13:43] Tomasz Kowalczuk: Do weryfikacji\n
421	Roman	604767887	\N	\N	2025-05-14 19:02:19+00	Olejnik	300 metrów do lini średniego. GPZ 3 km.  Dobre | brał dofinansowanie z Młodego rolnika 4 lata temu..	medium	r.olejnik@onet.pl	\N	UM	[2025-06-03 16:56] Dawid Plat: Umowa wysłana\n[2025-05-28 10:50] Dawid Plat: Do weryfikacji\n[2025-05-22 13:01] Tomasz Kowalczuk: Nie odbiera\n
463	Radek	501335894	\N	\N	2025-05-21 07:50:29+00	Staszak	Wielkopolska, Młody -średni. Klasa 4. Jest dorga dojazdowa, połozone przy linii średniego napięcia.	medium	radek.staszak@o2.pl	\N	UM	[2025-08-04 10:23] Dawid Plat: Umowa wysłana\n[2025-06-09 09:19] Dawid Plat: Do weryfikacji\n
515	Waldemar	698294338	\N	\N	2025-06-08 11:59:46+00	Jacek	klasa 3 i 4.	medium	jaceksadlecki68@gmail.com	\N	UM	[2025-08-04 10:30] Dawid Plat: Umowa wysłana\n[2025-06-24 12:04] Dawid Plat: Do weryfikacji\n
511	Marek	723505169	\N	\N	2025-06-08 19:58:51+00	Wełnic	klasa 4, klasa 5 i 6, około 300 metrów, 300. 17000.	medium	marekwelnic7@gmail.com	\N	UM	[2025-07-07 10:30] Dawid Plat: Umowa wysłana\n[2025-07-02 09:54] Dawid Plat: Do weryfikacji\n[2025-06-24 14:45] Dawid Plat: Nie odbiera\n
213	Jerzy	691055227	\N	\N	2025-05-11 05:41:15+00	Ignaczak	klasa 5/6. do GPZ 5 km, średnia linia na działce. Fajny gość. Pytał czy czynsz będzie waloryzowany od momentu podpisania umowy - dla niego to warunek konieczny..\r\n\r\nUmowe Wysłać\r\nJerzy Ignaczak\r\n99-232 Zadzim\r\nul. Kazimierzew 10	high	jerzyignaczak@o2.pl	1	PR	[2025-07-09 08:32] Dawid Plat: Przekształcono na klienta\n[2025-06-03 10:16] Dawid Plat: Umowa wysłana\n[2025-05-28 08:19] Dawid Plat: Do weryfikacji\n[2025-05-23 11:15] Dawid Plat: Numer nieaktywny\n[2025-05-22 10:26] Tomasz Kowalczuk: Nie odbiera\n
437	Małgorzata	507374890	\N	\N	2025-05-16 19:19:26+00	Biernacka	Świętokrzyskie, klasa 4 i 5 | linia średniego napięcia | Skończyła się umowa ekologiczna	medium	mbiernacka28@wp.pl	1	PR	[2025-07-18 14:01] Dawid Plat: Przekształcono na klienta\n[2025-07-02 11:10] Dawid Plat: Umowa wysłana\n[2025-05-29 10:40] Dawid Plat: Do weryfikacji\n[2025-05-23 13:28] Tomasz Kowalczuk: Nie odbiera\n
507	Ireneusz	608479135	\N	\N	2025-06-10 16:46:16+00	Duczmiński	Ireneusz Duczmiński\r\n\r\nCybinka ul. Słubicka 25/1 69-108\r\nPomorsko ul, Lipowa 106, 66-105 Sulechów 	medium	ireneusz.duczminski@op.pl	1	PR	[2025-07-28 10:45] Dawid Plat: Przekształcono na klienta\n[2025-07-28 10:45] Dawid Plat: Umowa wysłana\n[2025-06-24 14:58] Dawid Plat: Do weryfikacji\n[2025-06-24 12:44] Dawid Plat: Nie odbiera\n
414	Józef	517217542	\N	\N	2025-05-13 21:07:11+00	Hetmanowski	2 lata temu podpisana umowa na 1.3 ha i maja zgody na podłączenie do GPZ wszystko stoi idzie do prawnika aby rozwiązać umowę | 9.06 NO	medium	jozefhetmanowski1965@gmail.com	1	PR	[2025-07-28 11:26] Dawid Plat: Przekształcono na klienta\n[2025-07-15 08:35] Dawid Plat: Umowa wysłana\n[2025-05-22 13:46] Tomasz Kowalczuk: Do weryfikacji\n
495	Leszek	691028979	\N	\N	2025-06-08 06:13:54+00	Andrzejewski	klasa 5/6, drogi dojazdowe gruntowe. Linie idą przez działkę. .\r\nDąbrowa 40,  62-720 Brudzew	medium	julia-kostrzewa@wp.pl	1	PR	[2025-06-16 10:10] Dawid Plat: Przekształcono na klienta\n[2025-06-09 10:57] Dawid Plat: Umowa wysłana\n
224	Marek	507656764	\N	\N	2025-05-11 18:58:01+00	Jeż	27.05 po 16 dzwonić None wszystkie 3 działki mają około 1 ha łącznie są przyległe do siebie nie ma umów klasy od 4 do 6 mało rozmowny średni temat. przymiłowice ul. Energetyków 2/3, 42-256 Olsztyn.	medium	marekjez123@wp.pl	1	PR	[2025-06-16 10:11] Dawid Plat: Przekształcono na klienta\n[2025-06-10 09:54] Dawid Plat: Umowa wysłana\n[2025-05-22 11:06] Tomasz Kowalczuk: Do weryfikacji\n
132	Marek	509276352	\N	\N	2025-05-08 19:01:01+00	Nowicki	Działka 163 do wzięcia gościu chętny ale mówi o rekompensacie przy podpisaniu umowy ale usłyszał że może uzyskać do 27 tys zależnie od tego co będzie realizowane i się ucieszył 26.05 Orlen tam robił odwierty aby uzyskać info na temat gleby linie są Orlenowskie i blokują wpięcie ale gość konkretny i chętny | Chce się umówić na tydzień po 23.06. Cwany, roszczeniowy - szkoda czasu	medium	mn8222@o2.pl	\N	NN2	[2025-05-29 12:01] Dawid Plat: Umowa wysłana\r\n[2025-05-21 10:27] Tomasz Kowalczuk: Do weryfikacji
498	Jan	667102230	\N	\N	2025-06-12 15:57:55+00	Talaga	Klasa 4 i 5, Droga polna około 400, w okolicy słup średniego napięcia. 0024 obręb.	high	jan.talaga.mechanika@gmail.com	\N	UM	[2025-08-06 09:00] Dawid Plat: Umowa wysłana\n[2025-07-02 10:26] Dawid Plat: Do weryfikacji\n
517	Krystian	722009768	\N	\N	2025-06-13 11:15:55+00	Kadzioch	None	medium	krystiano2808@wp.pl	\N	NUM	[2025-07-22 10:07] Dawid Plat: Do weryfikacji\n[2025-07-02 10:14] Dawid Plat: Nie odbiera\n
509	Jacek	606855098	\N	\N	2025-06-09 14:50:07+00	Walentowicz	GPZ budują, ma dosłać numery. Kupił działkę w zeszłym miesiącu.	medium	waljace@interia.pl	\N	NN2	[2025-07-02 09:49] Dawid Plat: Do weryfikacji
516	Andrzej	666839597	\N	\N	2025-06-08 10:07:53+00	Grzesik	Fajny. Prawnik ma się odezwać do 7.08	high	andrzej.grzesik7@gmail.com	\N	UM	[2025-08-12 11:42] Dawid Plat: Umowa wysłana\n[2025-06-24 12:02] Dawid Plat: Do weryfikacji\n
518	korsak	501221108	\N	\N	2025-06-13 19:18:08+00	dariusz	None	medium	kosakgosia@onet.pl	\N	NO2	[2025-08-12 13:28] Dawid Plat: Nie odbiera\n[2025-07-02 10:08] Dawid Plat: Nie odbiera\n
510	Janusz	888021334	\N	\N	2025-06-08 20:16:30+00	Simiński	klasa 4 i 5, linia średniego napięcia	medium	Januszsim10@wp.pl	\N	UM	[2025-06-24 14:57] Dawid Plat: Umowa wysłana\n
514	Rafał	608679335	\N	\N	2025-06-08 19:02:33+00	Szarzyński	Już podpisał z kimś innym	medium	r.szarzynski67@wp.pl	\N	NN2	[2025-06-24 12:08] Dawid Plat: Numer nieaktywny\n[2025-06-24 12:08] Dawid Plat: Numer nieaktywny\n
512	Krystyna	693355643	\N	\N	2025-06-08 19:41:31+00	Martyn	Podpisała wczoraj umowe	medium	krystynamartyn16@gmail.com	\N	NN2	[2025-06-24 14:44] Dawid Plat: Numer nieaktywny\n[2025-06-24 14:44] Dawid Plat: Numer nieaktywny\n[2025-06-24 12:12] Dawid Plat: Nie odbiera\n
502	Marek	691717116	\N	\N	2025-06-12 06:29:28+00	Sutyniec	Podlaskie klasa 4,5,6 około 200 metrów, droga asfaltowa.	medium	mareksutyniec@gmail.com	\N	NUM	[2025-06-24 15:14] Dawid Plat: Do weryfikacji\n
415	Eugeniusz	884439020	\N	\N	2025-05-14 03:10:56+00	Lis	klasa 5,6 | | około 500 metrów i transfomator. Gdyby nie odbierał to SMS. | 3.06 - wysłałem SMS \r\n  63-330 Dobrzyca, Sośnica 10	very_high	eugeniuszl405@gmail.com	1	PR	[2025-06-24 17:35] Dawid Plat: Przekształcono na klienta\n[2025-06-03 17:00] Dawid Plat: Umowa wysłana\n[2025-05-30 10:45] Dawid Plat: Do weryfikacji\n[2025-05-29 09:32] Dawid Plat: Nie odbiera\n[2025-05-28 10:03] Dawid Plat: Nie odbiera\n[2025-05-22 11:37] Tomasz Kowalczuk: Nie odbiera\n
221	Janek	608207851	\N	\N	2025-05-11 14:29:25+00	Szczesniak	27.05 umowa była ale jest rozwiązana 5/6 klasa będzie analizował z prawnikiem umowę bo jedna firma zrobiła go w jajo chce wydzierżawić ale nie sądzę że coś z tego może być. Po 20.06 dzwonić |  Fajny, ma jeszcze załatwić temat z prawnikiem i kontaktować się po 7.07\r\n\r\nJan Szcześniak\r\nFolwark 12\r\n62-230 Witkowo 	medium	mj-gosp@wp.pl	\N	UM	[2025-06-03 10:01] Dawid Plat: Umowa wysłana\n[2025-05-22 11:17] Tomasz Kowalczuk: Do weryfikacji\n
583	Kamil	517954309	\N	\N	2025-07-21 21:55:04+00	Wik		medium	kamilwik1@wp.pl	\N	NN2	[2025-08-12 13:47] Dawid Plat: Numer nieaktywny\n[2025-08-07 09:29] Dawid Plat: Numer nieaktywny\n
469	Marek	605995633	\N	\N	2025-05-22 08:35:37+00	Kaszuba	klasa 4/5/6. Przebiega linia wysokiego napięcia. Nawet fajny. | NO 7.06\r\n\r\nJaroszewice Grodzieckie piątek\r\n\r\n31, 62-580 Wielołęka (na przeciw tartaku)	medium	marekkaszuba27@gmail.com	\N	UM	[2025-07-07 13:41] Dawid Plat: Umowa wysłana\n[2025-05-23 12:08] Dawid Plat: Do weryfikacji\n
578	Marek	512545502	\N	\N	2025-07-16 07:14:26+00	Miętkiewicz	te działki dzieli droga wojewódzka.  	medium	marek.mietkiewicz1@wp.pl	\N	NUM	[2025-08-12 13:34] Dawid Plat: Do weryfikacji\n[2025-07-22 10:39] Dawid Plat: Nie odbiera
426	Paweł	882976801	\N	\N	2025-05-15 08:19:25+00	Ciesielski	Fajny, ma dosłać numer działki. 7.06 - umowa jeszcze nie przyszła | 30.06 musi porozmawiać jeszcze z ojcem i ma zadzwonić \r\n\r\nMargonin, ul. Kościuszki 30A\r\n64-830 Margonin	very_high	ciesielskipawel463@gmail.com	\N	NN2	[2025-06-04 12:03] Dawid Plat: Umowa wysłana\r\n[2025-05-29 09:47] Dawid Plat: Do weryfikacji
576	Grazyna	502003121	\N	\N	2025-07-16 11:16:13+00	Peczkowska	None	medium	grazyna.peczkowskia@o2.pl	\N	NO2	[2025-08-12 13:34] Dawid Plat: Nie odbiera\n[2025-07-22 10:19] Dawid Plat: Nie odbiera
574	Michał	606680058	\N	\N	2025-07-16 15:53:41+00	Urban	mocno zainteresowany 	medium	m-urban007@wp.pl	\N	UM	[2025-08-06 11:06] Dawid Plat: Umowa wysłana\n[2025-07-22 10:38] Dawid Plat: Do weryfikacji
577	Monika	792566166	\N	\N	2025-07-16 08:52:53+00	Ratajczak	klasa 4 i 5, droga utwardzona, słup średniego na działe, \r\nKasia wysłała umowę umówiome na 14.08	high	szumera@wp.pl	\N	NN2	[2025-07-22 10:18] Dawid Plat: Do weryfikacji
591	Waldemar	692383515	\N	\N	2025-07-18 18:31:56+00	Prill	dzwonic po 15	medium	waldekprill123@gmail.com	\N	NO1	[2025-08-12 13:38] Dawid Plat: Nie odbiera\n
612	Bolesław	600793511	\N	\N	2025-07-31 19:29:34+00	Białek	\N	medium	boleslaw.bialek76@gmail.com	\N	ST	\N
575	Artur	790326636	\N	\N	2025-07-16 11:25:22+00	Sikora	kl. 5-6\r\njest droga dojazdowy \r\njest słup na działce\r\nkontakt początek września, umówić spotkanie 	medium	sikoraartur70@gmail.com	\N	UM	[2025-08-06 09:54] Dawid Plat: Umowa wysłana\n[2025-07-22 10:29] Dawid Plat: Do weryfikacji
590	Roman	783536030	\N	\N	2025-07-18 18:35:53+00	Wiśniewski	None	medium	gizelabialobrzycka2@gmail.com	\N	NO2	[2025-08-12 13:40] Dawid Plat: Nie odbiera\n[2025-07-22 12:20] Dawid Plat: Nie odbiera
588	Jan	510985074	\N	\N	2025-07-20 05:28:31+00	Kostrzewski	klasa 5 i 6, 150 polna droga, obok jest farma .	medium	j.kostrzewski52@gmail.com	\N	NUM	[2025-08-12 13:43] Dawid Plat: Do weryfikacji\n[2025-07-22 12:36] Dawid Plat: Nie odbiera
573	Leszek	693443293	\N	\N	2025-07-17 12:20:19+00	Wiśniewski	kl. 3-4 \r\ndroga utwardzona do działki\r\n500m do słupa średniego, 600m do wysokiego \r\nNIEAKTUALNE!!!	medium	lechO_1958@o2.pl	\N	NN2	[2025-07-22 11:03] Dawid Plat: Do weryfikacji
504	Alicja	501123394	\N	\N	2025-06-11 14:06:05+00	Mandelt	Klasa 4, Fajna babeczka.\r\n\r\nBiałośliwie, ul. 4 stycznia 40B, 89-340	high	smandelt@wp.pl	1	PR	[2025-08-07 08:29] Dawid Plat: Przekształcono na klienta\n[2025-07-07 12:07] Dawid Plat: Umowa wysłana\n[2025-06-24 15:04] Dawid Plat: Do weryfikacji\n
153	Adam	602239888	\N	\N	2025-05-06 16:12:15+00	Piterek	chodzież, obręb chodzieski 3, 6, 5, 4,12. klasa 4 i 5.  Umowa do wysłania. działki 179 i 178. Zadzwoni za dwa trzy dni, bo nie przeczytał jeszcze umowy.. 23.06 - ma problemy zdrowotne dzwonić po 30.06 | wtorek środa da znać, bo prawniczka analizuje umowe\r\n\r\nwysał numer do żony. Prawniczka ma jakieś wątpliwości.	medium	autoadam63@o2.pl	1	NN	[2025-05-23 10:08] Dawid Plat: Umowa wysłana\r\n[2025-05-19 09:45] Dawid Plat: Do weryfikacji
593	szydlowskiwfarma@onet.pl	609038210	\N	\N	2025-07-18 14:45:09+00		kl 4 i 5 \r\ndroga dojazdowa utwardzona \r\n1000m do słupa \r\n	medium	Waldemar Szydlowski	\N	UM	[2025-08-06 10:38] Dawid Plat: Umowa wysłana\n[2025-07-22 10:48] Dawid Plat: Do weryfikacji\n
584	Piotr	601232328	\N	\N	2025-07-21 14:33:31+00	Popławski	Nie ma działki i nie wie o co chodzi	medium	info@piotrpoplawski.pl	\N	NN2	[2025-08-07 09:34] Dawid Plat: Numer nieaktywny\n[2025-08-07 09:34] Dawid Plat: Numer nieaktywny\n[2025-08-07 09:30] Dawid Plat: Nie odbiera\n
589	Ola	509633118	\N	\N	2025-07-19 06:23:38+00	Szustakowska	oddzwoni	medium	agolebiowska33@wp.pl	\N	UM	[2025-08-12 10:38] Dawid Plat: Umowa wysłana\n[2025-07-28 11:09] Dawid Plat: Do weryfikacji\n
585	Katarzyna	697369666	\N	\N	2025-07-21 13:16:42+00	Szpilewicz	Klasa 4-5, linia średniego napięcia przez działka, droga jest ok.	medium	kasia.szpilewicz@gmail.com	\N	UM	[2025-08-12 10:39] Dawid Plat: Umowa wysłana\n[2025-08-07 09:41] Dawid Plat: Do weryfikacji\n
613	Eugeniusz	606966310	\N	\N	2025-07-31 18:43:46+00	Nitkiewicz	\N	medium	nitkiewicz2@gmail.com	\N	ST	\N
597	Elzbieta	880896020	\N	\N	2025-07-27 08:55:44+00	Borucka	None	medium	boruckaela20@gmail.com	\N	UM	[2025-08-04 10:06] Dawid Plat: Umowa wysłana\n[2025-07-28 11:09] Dawid Plat: Do weryfikacji\n
581	Monika	664354856	\N	\N	2025-07-15 18:52:37+00	Maciejewska	None	medium	monika99942@wp.pl	\N	UM	[2025-08-06 09:12] Dawid Plat: Umowa wysłana\n[2025-07-28 11:23] Dawid Plat: Do weryfikacji\n[2025-07-22 10:00] Dawid Plat: Nie odbiera
599	Mirosław	697379448	\N	\N	2025-07-25 14:34:34+00	Adamczyk	Droga dojazdowa asfaltowa przy dk22 \r\nsłup średni w granicy 300m \r\nkl, 5i6 \r\nsprawa w toku o zmiane zagosopodarowania twerenu z leśnego na rolny na rzecz klienta 	medium	a.mirek5682@gmail.com	\N	NUM	[2025-08-06 11:52] Dawid Plat: Do weryfikacji\n
131	Jerzy	602517863	\N	\N	2025-05-08 19:23:53+00	Lasota	Kontakty były ale nic nie wyszło grunt syna ojciec mu pomaga troszkę 4 ale większość 5 klasa podejrzenia że może być park krajobrazowy najbliższy GPZ 15 km ale jest trafostacja około 30 fajny gość mówił o tym że sąsiedzi może też by się zgodzili na jakieś inwestycje powiedziałem mu że to już rozmowa na ewentualnym spotkaniu z przedstawicielem na miejscu po analizie wydaje mi się że jest do zrobienia \r\n\r\nJerzy Lasota\r\n64-920 Piła\r\nul. Dąbrowskiego 3/45	medium	lasota.arcitektura@onet.eu	\N	NN	[2025-05-30 12:27] Dawid Plat: Umowa wysłana\r\n[2025-05-21 10:50] Tomasz Kowalczuk: Do weryfikacji
413	Robert	607580414	\N	\N	2025-05-13 19:35:01+00	Michalak	Wielkopolska. 5 klasa, 300-500 GPZ. średnia linia przechodzi. Dzwonić w poniedziałek 16.06 | 23.06 Dzwonić początek przyszłego tygodnia 30.06 jeszcze potrzebuje kilka dni. Numer do prawniczki 508 271 488 Renata	medium	robertmichalak1704@gmail.com	\N	NN2	[2025-06-03 16:33] Dawid Plat: Umowa wysłana\r\n[2025-05-28 09:35] Dawid Plat: Do weryfikacji\r\n[2025-05-22 11:39] Tomasz Kowalczuk: Nie odbiera
595	Marcin	601830303	\N	\N	2025-07-27 16:46:04+00	Ratajczak	4 działki dwie i dwie graniczące przedzielone dróżką \r\nnie wie nic o  słupach \r\nkl. 4  \r\n\r\n	medium	marcinratajczak86@wp.pl	\N	UM	[2025-08-12 11:32] Dawid Plat: Umowa wysłana\n[2025-08-06 12:00] Dawid Plat: Do weryfikacji\n[2025-08-06 11:43] Dawid Plat: Nie odbiera\n
594	Szymon	696018627	\N	\N	2025-07-27 17:58:51+00	Duszynski	dojazd na działkę drogą gruntową utwardzoną \r\npomiędzy dwoma działkami granicżacym8i ze sobą jest słup średniego napięcia \r\nkl.4i5 	medium	simon.duszek@wp.pl	\N	UM	[2025-08-12 11:39] Dawid Plat: Umowa wysłana\n[2025-08-06 11:42] Dawid Plat: Do weryfikacji\n
503	Łukasz	516214359	\N	\N	2025-06-11 17:44:24+00	Purul	Linia średniego napięcia, klasa 6. \r\n\r\nadres:\r\nMyszakówek 21A, 62-410 Zagórów	medium	lukasz.20.1981@o2.pl	\N	NN2	[2025-07-07 11:45] Dawid Plat: Umowa wysłana\r\n[2025-06-24 15:10] Dawid Plat: Do weryfikacji
229	Henryk	696482514	\N	\N	2025-05-12 15:47:36+00	Cierocki	klasa 5/6. GPZ 150 metów. Woli kontakt na początku przyszłego tygodniowa. Żona chora, miał jakąś firmę 3 lata temu, ale nie uzyskali zgody z energetyki. Kolega coś tam analizuje.\r\n\r\nIłownica 45/1, dojazd od Lniewa ul. Polna, 83-420. do działki 500 metrów.	very_high	henryk_cierocki@wp.pl	1	PR	[2025-08-07 08:29] Dawid Plat: Przekształcono na klienta\n[2025-06-04 08:11] Dawid Plat: Umowa wysłana\n[2025-05-28 08:37] Dawid Plat: Do weryfikacji\n[2025-05-22 13:54] Tomasz Kowalczuk: Nie odbiera\n[2025-05-22 12:44] Tomasz Kowalczuk: Nie odbiera\n
579	Marceli	509955925	\N	\N	2025-07-16 05:56:16+00	\N	klasa 4, polna droga, Słup na działe. M jeszcze inne działki:\r\n\r\nNumery działek Chłopowo  129, 130/1, \r\n423/12, 423/13\r\n474/1\r\n486/2\r\n542/8\r\n565/1, 565/2\r\n702, 703/1\r\n765, 766, 797\r\n	medium	folwarkchlopowo@gmail.com	\N	UM	[2025-08-07 08:34] Dawid Plat: Umowa wysłana\n[2025-07-22 10:12] Dawid Plat: Do weryfikacji
600	Joanna	609431582	\N	\N	2025-07-25 11:54:29+00	Piotrowicz	3 klasa ziemi więc lipa	medium	joanna.piotrowicz000@gmail.comj	\N	NN2	[2025-08-07 08:47] Dawid Plat: Numer nieaktywny\n[2025-08-07 08:46] Dawid Plat: Numer nieaktywny\n[2025-08-06 12:07] Dawid Plat: Nie odbiera\n
604	Ryszard	508328550	\N	\N	2025-07-23 19:50:27+00	Dyrda	Słup jest na działce, klasa 4 i 3, 40 metrów. dzwonić około 13-15.	medium	ryszarddyrda@interia.pl	\N	NUM	[2025-08-07 08:52] Dawid Plat: Do weryfikacji\n[2025-08-06 12:26] Dawid Plat: Nie odbiera\n
606	Dawid	722072711	\N	\N	2025-07-22 22:24:15+00	Śleszyński	24ha ok powyżej 3b \r\n4 słupy średniej napięcia \r\ndroga dojazdowa asfaltowa 	medium	dawidsleszynski@onet.pl	\N	UM	[2025-08-12 11:08] Dawid Plat: Umowa wysłana\n[2025-08-06 12:40] Dawid Plat: Do weryfikacji\n
587	Sławomir	661057086	\N	\N	2025-07-20 10:42:54+00	Nowak	kl 4,5,6\r\ndojazd droga polna utwardzona \r\n150m do słupa wysokiego napięcia	medium	slawomir1nowak@wp.pl	\N	UM	[2025-08-12 11:47] Dawid Plat: Umowa wysłana\n[2025-08-07 09:42] Dawid Plat: Do weryfikacji\n
636	Kamil	723504079	\N	\N	2025-08-10 16:45:44+00	Rudziński	\N	medium	kamilrudzinski@o2.pl	\N	ST	\N
637	Artur	695580808	\N	\N	2025-08-09 19:21:13+00	Przybylski	\N	medium	artur.hol77@interia.pl	\N	ST	\N
638	Robert-okoń	512432129	\N	\N	2025-08-09 18:25:26+00	Robak	\N	medium	robert.robak@vp.pl	\N	ST	\N
639	Włodzimierz	505505939	\N	\N	2025-08-09 16:02:30+00	Ziarkowski	\N	medium	wlodek@icloud.com	\N	ST	\N
640	Mondo	601763000	\N	\N	2025-08-09 15:26:09+00	Bello	\N	medium	mondobello71@gmail.com	\N	ST	\N
641	Magda	662005824	\N	\N	2025-08-09 13:07:56+00	Nowak	\N	medium	magda1977nowak@gmail.com	\N	ST	\N
642	Julita	513055297	\N	\N	2025-08-09 06:23:31+00	Błażejewska	\N	medium	pocztajulitagawron@gmail.com	\N	ST	\N
643	Adam	504249046	\N	\N	2025-08-09 05:20:55+00	Jadach	\N	medium	ameryka1000@wp.pl	\N	ST	\N
644	Janusz	666592900	\N	\N	2025-08-08 13:27:39+00	Gliczyński	\N	medium	januszgliczynski@gmail.com	\N	ST	\N
645	Wanda	661649123	\N	\N	2025-08-08 07:05:34+00	Masztalerz	\N	medium	wanda.masztalerz@gmail.com	\N	ST	\N
646	Piotr	605590215	\N	\N	2025-08-08 06:26:07+00	Jabłoński	\N	medium	pieczatki.kolo@wp.pl	\N	ST	\N
647	Leszek	502419411	\N	\N	2025-08-07 19:35:43+00	Wnuczek	\N	medium	leszek.wnuczek1@gmail.com	\N	ST	\N
648	Krystian	506335395	\N	\N	2025-08-07 19:00:52+00	Nyk	\N	medium	krystian_nyk@o2.pl	\N	ST	\N
649	Miroslaw	518669474	\N	\N	2025-08-07 15:44:30+00	Skrzypczak	\N	medium	skrzypczak.miroslaw1974@gmail.com	\N	ST	\N
650	Andrzej	883889195	\N	\N	2025-08-07 11:06:53+00	Rzepkowski	\N	medium	lonsylwia@gmail.com	\N	ST	\N
651	Wieslaw	604772057	\N	\N	2025-08-07 10:50:32+00	Kożyczkowski	\N	medium	wk47@interia.pl	\N	ST	\N
652	Robert	662417259	\N	\N	2025-08-07 07:03:26+00	Mrówka	\N	medium	robertmrowka67@wp.pl	\N	ST	\N
653	Lidia	697380031	\N	\N	2025-08-06 11:43:51+00	Leszczyńska	\N	medium	lida28@onet.pl	\N	ST	\N
654	Grzegorz	607621626	\N	\N	2025-08-06 11:37:59+00	Mirecki	\N	medium	grzegorzmirecki055@gmali.com	\N	ST	\N
655	Andrzej	604274816	\N	\N	2025-08-06 11:01:32+00	Kujawa	\N	medium	andrzejkujawa@onet.pl	\N	ST	\N
656	Jerzy	603085930	\N	\N	2025-08-01 10:44:20+00	Staszyński	\N	medium	jerzystaszynski1969@op.pl	\N	ST	\N
657	xxx	724008102	\N	\N	2025-08-01 08:58:52+00		\N	medium	karol.r@o2.pl	\N	ST	\N
582	Hubert	785606464	\N	\N	2025-07-15 15:37:43+00	Grzelka		medium	Hubert64020@wp.pl	\N	NO1	[2025-08-12 13:29] Dawid Plat: Nie odbiera\n
580	Tadeusz	695406769	\N	\N	2025-07-16 05:22:31+00	Matuszak	Dzwonić po 13:00	medium	tadeuszmateusz1959@gmail.com	\N	NO1	[2025-08-12 13:30] Dawid Plat: Nie odbiera\n
592	agromelski.szczutowo@gmail.com	693383534	\N	\N	2025-07-18 16:24:56+00		Droga dojazdowa, słup średniego wzdłóz drogi.	medium	Andrzej Gromelski telefon 693383534	\N	NUM	[2025-08-12 13:38] Dawid Plat: Do weryfikacji\n[2025-07-22 12:16] Dawid Plat: Nie odbiera\n
586	Stella	601524765	\N	\N	2025-07-21 09:29:24+00	\N	Józef. Klasa ziemi 3b, 4 i 5, Droga asfaltowa, 23 słupy średniego napięcia. 	medium	stella.58@o2.pl	\N	NUM	[2025-08-12 13:46] Dawid Plat: Do weryfikacji\n[2025-08-07 09:42] Dawid Plat: Nie odbiera\n
628	Stanislaw	722102741	\N	\N	2025-07-28 05:05:11+00		około 1.5 ha jest kaslu 4+, przy drodze asfaltowej, linia średniego napięcia przebiega	medium	stanislawleczyca@gmail.com	\N	NUM	[2025-08-12 13:53] Dawid Plat: Do weryfikacji\n
627	Robert	697055122	\N	\N	2025-07-28 06:33:15+00	Krawiec	ma tylko 20 arów	medium	rkrawiec21@gmail.com	\N	NN2	[2025-08-12 13:55] Dawid Plat: Numer nieaktywny\n[2025-08-12 13:55] Dawid Plat: Numer nieaktywny\n
625	Adam	600381930	\N	\N	2025-07-28 22:11:32+00	Czyżykowski	prawie sama klasa 4. idzie linia średniego napicia i wysokiego napięcia	medium	czyzykowscy@op.pl	\N	NUM	[2025-08-12 13:59] Dawid Plat: Do weryfikacji\n
626	januszchutko70@gmail.com	787655196	\N	\N	2025-07-28 13:52:53+00		Droga dojazdowa, idzie słup średniego napięcia 500 metrów. Klasa 5/6 trochę 4.	medium	januszchutko70@gmail.com	\N	NUM	[2025-08-12 14:03] Dawid Plat: Do weryfikacji\n[2025-08-12 13:57] Dawid Plat: Nie odbiera\n
624	Damian	533534561	\N	\N	2025-07-29 10:35:14+00	kocieka	klasy 4,5,6 \r\ndroga asfaltowa w obrąbie Wysoka	medium	damiank1985r@wp.pl	\N	NUM	[2025-08-12 16:27] Dawid Plat: Do weryfikacji\n
623	Wojciech	123456789	\N	\N	2025-07-29 20:51:43+00	Mariański	None	medium	marianskiwojciech@gmail.com	\N	NN2	[2025-08-12 16:27] Dawid Plat: Numer nieaktywny\n[2025-08-12 16:27] Dawid Plat: Numer nieaktywny\n
622	Piotr	603464306	\N	\N	2025-07-30 12:15:38+00	Dumka	Droga 8 metrów utwardzona, około 80 metrów od drogi asflatowej. Klasa 4. 	medium	piotrdumka7@gmail.com	\N	NUM	[2025-08-12 16:30] Dawid Plat: Do weryfikacji\n
621	Barbara	797910212	\N	\N	2025-07-30 19:05:43+00	pawlik-robertson	Ma wysłać numery działek	medium	barbarapawlik161@gmail.com	\N	ST	\N
619	Jacek	697711161	\N	\N	2025-07-31 06:13:06+00	Bułaciński	Klasa 4 , 5. Droga asfaltowa, 50 metrów do słupu średniego napięcia.	medium	gjbulacinscy@pw.pl	\N	NUM	[2025-08-12 16:39] Dawid Plat: Do weryfikacji\n
617	Adam	661422661	\N	\N	2025-07-31 07:53:27+00	Wierzbicki	Ma gotowe projekty. Nie moj target	medium	aw@sadywielkopolskie.pl	\N	NN2	[2025-08-12 16:46] Dawid Plat: Numer nieaktywny\n[2025-08-12 16:46] Dawid Plat: Numer nieaktywny\n
462	Wojtek	695321824	\N	\N	2025-05-20 19:30:52+00	Patka	Klasa 4, stoi słup, droga polna wojciechpatka60@wp.pl\r\n\r\nKrzycko Wielkie, Krzyckiego 57, 64-117	medium	wojciechpatka@gmail.com	\N	UM	[2025-07-14 12:22] Dawid Plat: Umowa wysłana\n[2025-06-13 11:33] Dawid Plat: Do weryfikacji\n[2025-06-13 11:33] Dawid Plat: Do weryfikacji\n[2025-06-09 09:16] Dawid Plat: Nie odbiera\n
\.


--
-- Data for Name: CrmModuleOne_product; Type: TABLE DATA; Schema: public; Owner: new_crmuser
--

COPY public."CrmModuleOne_product" (id, name, description, unit, category_id, required_fields_offer) FROM stdin;
\.


--
-- Data for Name: CrmModuleOne_product_required_documents; Type: TABLE DATA; Schema: public; Owner: new_crmuser
--

COPY public."CrmModuleOne_product_required_documents" (id, product_id, documenttemplate_id) FROM stdin;
\.


--
-- Data for Name: CrmModuleOne_productattribute; Type: TABLE DATA; Schema: public; Owner: new_crmuser
--

COPY public."CrmModuleOne_productattribute" (id, name, input_type, placeholder, options, price, product_id) FROM stdin;
\.


--
-- Data for Name: CrmModuleOne_productcategory; Type: TABLE DATA; Schema: public; Owner: new_crmuser
--

COPY public."CrmModuleOne_productcategory" (id, name) FROM stdin;
\.


--
-- Data for Name: CrmModuleOne_productconfiguration; Type: TABLE DATA; Schema: public; Owner: new_crmuser
--

COPY public."CrmModuleOne_productconfiguration" (id, attributes, price, unit, product_id) FROM stdin;
\.


--
-- Data for Name: CrmModuleOne_productdocumentrequirement; Type: TABLE DATA; Schema: public; Owner: new_crmuser
--

COPY public."CrmModuleOne_productdocumentrequirement" (id, required_placeholders, document_id, product_id) FROM stdin;
\.


--
-- Data for Name: CrmModuleOne_profile; Type: TABLE DATA; Schema: public; Owner: new_crmuser
--

COPY public."CrmModuleOne_profile" (id, profile_image, first_name, last_name, phone_number, address, current_contract_number, user_id) FROM stdin;
\.


--
-- Data for Name: CrmModuleOne_subsidyoption; Type: TABLE DATA; Schema: public; Owner: new_crmuser
--

COPY public."CrmModuleOne_subsidyoption" (id, name, program_id) FROM stdin;
\.


--
-- Data for Name: CrmModuleOne_subsidyproductcriteria; Type: TABLE DATA; Schema: public; Owner: new_crmuser
--

COPY public."CrmModuleOne_subsidyproductcriteria" (id, max_subsidy_amount, max_subsidy_percentage, second_max_subsidy_amount, second_max_subsidy_percentage, option_id, product_id) FROM stdin;
\.


--
-- Data for Name: CrmModuleOne_subsidyprogram; Type: TABLE DATA; Schema: public; Owner: new_crmuser
--

COPY public."CrmModuleOne_subsidyprogram" (id, name) FROM stdin;
\.


--
-- Data for Name: CrmModuleOne_task; Type: TABLE DATA; Schema: public; Owner: new_crmuser
--

COPY public."CrmModuleOne_task" (id, text, added_date, due_date, completed, completed_at, author_id, client_id) FROM stdin;
\.


--
-- Data for Name: auth_group; Type: TABLE DATA; Schema: public; Owner: new_crmuser
--

COPY public.auth_group (id, name) FROM stdin;
1	biuro
2	handlowcy
\.


--
-- Data for Name: auth_group_permissions; Type: TABLE DATA; Schema: public; Owner: new_crmuser
--

COPY public.auth_group_permissions (id, group_id, permission_id) FROM stdin;
\.


--
-- Data for Name: auth_permission; Type: TABLE DATA; Schema: public; Owner: new_crmuser
--

COPY public.auth_permission (id, name, content_type_id, codename) FROM stdin;
1	Can add log entry	1	add_logentry
2	Can change log entry	1	change_logentry
3	Can delete log entry	1	delete_logentry
4	Can view log entry	1	view_logentry
5	Can add permission	2	add_permission
6	Can change permission	2	change_permission
7	Can delete permission	2	delete_permission
8	Can view permission	2	view_permission
9	Can add group	3	add_group
10	Can change group	3	change_group
11	Can delete group	3	delete_group
12	Can view group	3	view_group
13	Can add user	4	add_user
14	Can change user	4	change_user
15	Can delete user	4	delete_user
16	Can view user	4	view_user
17	Can add content type	5	add_contenttype
18	Can change content type	5	change_contenttype
19	Can delete content type	5	delete_contenttype
20	Can view content type	5	view_contenttype
21	Can add session	6	add_session
22	Can change session	6	change_session
23	Can delete session	6	delete_session
24	Can view session	6	view_session
25	Can add document template	7	add_documenttemplate
26	Can change document template	7	change_documenttemplate
27	Can delete document template	7	delete_documenttemplate
28	Can view document template	7	view_documenttemplate
29	Can add product category	8	add_productcategory
30	Can change product category	8	change_productcategory
31	Can delete product category	8	delete_productcategory
32	Can view product category	8	view_productcategory
33	Can add subsidy option	9	add_subsidyoption
34	Can change subsidy option	9	change_subsidyoption
35	Can delete subsidy option	9	delete_subsidyoption
36	Can view subsidy option	9	view_subsidyoption
37	Can add subsidy program	10	add_subsidyprogram
38	Can change subsidy program	10	change_subsidyprogram
39	Can delete subsidy program	10	delete_subsidyprogram
40	Can view subsidy program	10	view_subsidyprogram
41	Can add client	11	add_client
42	Can change client	11	change_client
43	Can delete client	11	delete_client
44	Can view client	11	view_client
45	Can add activity log	12	add_activitylog
46	Can change activity log	12	change_activitylog
47	Can delete activity log	12	delete_activitylog
48	Can view activity log	12	view_activitylog
49	Can add information post	13	add_informationpost
50	Can change information post	13	change_informationpost
51	Can delete information post	13	delete_informationpost
52	Can view information post	13	view_informationpost
53	Can add meeting	14	add_meeting
54	Can change meeting	14	change_meeting
55	Can delete meeting	14	delete_meeting
56	Can view meeting	14	view_meeting
57	Can add note	15	add_note
58	Can change note	15	change_note
59	Can delete note	15	delete_note
60	Can view note	15	view_note
61	Can add notification	16	add_notification
62	Can change notification	16	change_notification
63	Can delete notification	16	delete_notification
64	Can view notification	16	view_notification
65	Can add offer	17	add_offer
66	Can change offer	17	change_offer
67	Can delete offer	17	delete_offer
68	Can view offer	17	view_offer
69	Can add client file	18	add_clientfile
70	Can change client file	18	change_clientfile
71	Can delete client file	18	delete_clientfile
72	Can view client file	18	view_clientfile
73	Can add payment	19	add_payment
74	Can change payment	19	change_payment
75	Can delete payment	19	delete_payment
76	Can view payment	19	view_payment
77	Can add product	20	add_product
78	Can change product	20	change_product
79	Can delete product	20	delete_product
80	Can view product	20	view_product
81	Can add offer product	21	add_offerproduct
82	Can change offer product	21	change_offerproduct
83	Can delete offer product	21	delete_offerproduct
84	Can view offer product	21	view_offerproduct
85	Can add product attribute	22	add_productattribute
86	Can change product attribute	22	change_productattribute
87	Can delete product attribute	22	delete_productattribute
88	Can view product attribute	22	view_productattribute
89	Can add product configuration	23	add_productconfiguration
90	Can change product configuration	23	change_productconfiguration
91	Can delete product configuration	23	delete_productconfiguration
92	Can view product configuration	23	view_productconfiguration
93	Can add profile	24	add_profile
94	Can change profile	24	change_profile
95	Can delete profile	24	delete_profile
96	Can view profile	24	view_profile
97	Can add subsidy product criteria	25	add_subsidyproductcriteria
98	Can change subsidy product criteria	25	change_subsidyproductcriteria
99	Can delete subsidy product criteria	25	delete_subsidyproductcriteria
100	Can view subsidy product criteria	25	view_subsidyproductcriteria
101	Can add task	26	add_task
102	Can change task	26	change_task
103	Can delete task	26	delete_task
104	Can view task	26	view_task
105	Can add product document requirement	27	add_productdocumentrequirement
106	Can change product document requirement	27	change_productdocumentrequirement
107	Can delete product document requirement	27	delete_productdocumentrequirement
108	Can view product document requirement	27	view_productdocumentrequirement
109	Can add prelead	28	add_prelead
110	Can change prelead	28	change_prelead
111	Can delete prelead	28	delete_prelead
112	Can view prelead	28	view_prelead
113	Can add source	29	add_source
114	Can change source	29	change_source
115	Can delete source	29	delete_source
116	Can view source	29	view_source
117	Can add thumbnail	30	add_thumbnail
118	Can change thumbnail	30	change_thumbnail
119	Can delete thumbnail	30	delete_thumbnail
120	Can view thumbnail	30	view_thumbnail
121	Can add thumbnail dimensions	31	add_thumbnaildimensions
122	Can change thumbnail dimensions	31	change_thumbnaildimensions
123	Can delete thumbnail dimensions	31	delete_thumbnaildimensions
124	Can view thumbnail dimensions	31	view_thumbnaildimensions
125	Can add parcel	32	add_parcel
126	Can change parcel	32	change_parcel
127	Can delete parcel	32	delete_parcel
128	Can view parcel	32	view_parcel
\.


--
-- Data for Name: auth_user; Type: TABLE DATA; Schema: public; Owner: new_crmuser
--

COPY public.auth_user (id, password, last_login, is_superuser, username, first_name, last_name, email, is_staff, is_active, date_joined) FROM stdin;
1	pbkdf2_sha256$870000$hIdkgwVSutmb3NqRDD9Bdh$e3w7dCNbsQdfSsyu3erVJr47NnD/rEYAoh/WfvNTBKo=	2025-08-26 19:24:17.895973+00	t	Dawid	Dawid	Plat	dawid.plat@interia.pl	t	t	2025-05-08 10:23:23+00
\.


--
-- Data for Name: auth_user_groups; Type: TABLE DATA; Schema: public; Owner: new_crmuser
--

COPY public.auth_user_groups (id, user_id, group_id) FROM stdin;
1	1	1
2	1	2
\.


--
-- Data for Name: auth_user_user_permissions; Type: TABLE DATA; Schema: public; Owner: new_crmuser
--

COPY public.auth_user_user_permissions (id, user_id, permission_id) FROM stdin;
1	1	1
2	1	2
3	1	3
4	1	4
5	1	5
6	1	6
7	1	7
8	1	8
9	1	9
10	1	10
11	1	11
12	1	12
13	1	13
14	1	14
15	1	15
16	1	16
17	1	17
18	1	18
19	1	19
20	1	20
21	1	21
22	1	22
23	1	23
24	1	24
25	1	25
26	1	26
27	1	27
28	1	28
29	1	29
30	1	30
31	1	31
32	1	32
33	1	33
34	1	34
35	1	35
36	1	36
37	1	37
38	1	38
39	1	39
40	1	40
41	1	41
42	1	42
43	1	43
44	1	44
45	1	45
46	1	46
47	1	47
48	1	48
49	1	49
50	1	50
51	1	51
52	1	52
53	1	53
54	1	54
55	1	55
56	1	56
57	1	57
58	1	58
59	1	59
60	1	60
61	1	61
62	1	62
63	1	63
64	1	64
65	1	65
66	1	66
67	1	67
68	1	68
69	1	69
70	1	70
71	1	71
72	1	72
73	1	73
74	1	74
75	1	75
76	1	76
77	1	77
78	1	78
79	1	79
80	1	80
81	1	81
82	1	82
83	1	83
84	1	84
85	1	85
86	1	86
87	1	87
88	1	88
89	1	89
90	1	90
91	1	91
92	1	92
93	1	93
94	1	94
95	1	95
96	1	96
97	1	97
98	1	98
99	1	99
100	1	100
101	1	101
102	1	102
103	1	103
104	1	104
105	1	105
106	1	106
107	1	107
108	1	108
109	1	109
110	1	110
111	1	111
112	1	112
113	1	113
114	1	114
115	1	115
116	1	116
117	1	117
118	1	118
119	1	119
120	1	120
121	1	121
122	1	122
123	1	123
124	1	124
\.


--
-- Data for Name: django_admin_log; Type: TABLE DATA; Schema: public; Owner: new_crmuser
--

COPY public.django_admin_log (id, action_time, object_id, object_repr, action_flag, change_message, content_type_id, user_id) FROM stdin;
1	2025-05-08 10:25:05.439763+00	1	Dawid	2	[{"changed": {"fields": ["User permissions"]}}]	4	1
2	2025-05-08 10:26:05.167403+00	1	biuro	1	[{"added": {}}]	3	1
3	2025-05-08 10:26:26.739551+00	2	handlowcy	1	[{"added": {}}]	3	1
4	2025-05-08 10:26:36.83702+00	1	Dawid	2	[{"changed": {"fields": ["Groups"]}}]	4	1
5	2025-05-08 10:27:13.227526+00	1	Dawid	2	[{"changed": {"fields": ["First name", "Last name"]}}]	4	1
6	2025-05-12 10:37:24.040131+00	1	Dawid Plat	1	[{"added": {}}]	28	1
7	2025-05-12 12:23:00.940025+00	65	Stanisław Fedorowicz	3		28	1
8	2025-05-12 12:23:00.940087+00	64	Mariusz Staszak	3		28	1
9	2025-05-12 12:23:00.940109+00	63	Rafał Hadaś	3		28	1
10	2025-05-12 12:23:00.940128+00	62	Jacek Bresz	3		28	1
11	2025-05-12 12:23:00.940146+00	61	Marek Jeż	3		28	1
12	2025-05-12 12:23:00.940162+00	60	Jan Maternowski	3		28	1
13	2025-05-12 12:23:00.940178+00	59	Henryk Michalak	3		28	1
14	2025-05-12 12:23:00.940196+00	58	Janek Szczesniak	3		28	1
15	2025-05-12 12:23:00.940213+00	57	Andrzej Kucharczyk	3		28	1
16	2025-05-12 12:23:00.940228+00	56	Mariusz Wozniak	3		28	1
17	2025-05-12 12:23:00.940241+00	55	Tomasz Cyrulewski	3		28	1
18	2025-05-12 12:23:00.940254+00	54	Jerzy Ignaczak	3		28	1
19	2025-05-12 12:23:00.940268+00	53	Jadwiga Kurdek	3		28	1
20	2025-05-12 12:23:00.940284+00	52	Kazimierz Ziółkowski	3		28	1
21	2025-05-12 12:23:00.940298+00	51	Janusz Przepióra	3		28	1
22	2025-05-12 12:23:00.940312+00	50	Rafał Szukała	3		28	1
23	2025-05-12 12:23:00.940325+00	49	Leszek Berlik	3		28	1
24	2025-05-12 12:23:00.940338+00	48	Krzysztof Kubasik	3		28	1
25	2025-05-12 12:23:00.940351+00	47	Bolek Godzieba	3		28	1
26	2025-05-12 12:23:00.940364+00	46	Jarosław Smołka	3		28	1
27	2025-05-12 12:23:00.940376+00	45	Wacław Rutkowski	3		28	1
28	2025-05-12 12:23:00.940389+00	44	Zbigniew Mandelke	3		28	1
29	2025-05-12 12:23:00.940402+00	43	Radosław Borecki	3		28	1
30	2025-05-12 12:23:00.940502+00	42	Wojciech Sroka	3		28	1
31	2025-05-12 12:23:00.940523+00	41	Zofia Dominiak	3		28	1
32	2025-05-12 12:23:00.940548+00	40	Ryszard. Młynek	3		28	1
33	2025-05-12 12:23:00.940596+00	39	Andrzej 	3		28	1
34	2025-05-12 12:23:00.940627+00	38	Michał Miziewicz	3		28	1
35	2025-05-12 12:23:00.940644+00	37	Mirosław Przybylski	3		28	1
36	2025-05-12 12:23:00.940659+00	36	Michał Chudy	3		28	1
37	2025-05-12 12:23:00.940673+00	35	Drobek Stanisław	3		28	1
38	2025-05-12 12:23:00.940687+00	34	Mirosław Słodkowski	3		28	1
39	2025-05-12 12:23:00.940701+00	33	Zbyszek Wysoczański	3		28	1
40	2025-05-12 12:23:00.940716+00	32	Marek Tymecki	3		28	1
41	2025-05-12 12:23:00.94073+00	31	Jacek Kopec	3		28	1
42	2025-05-12 12:23:00.940744+00	30	Bożena Dziekońska	3		28	1
43	2025-05-12 12:23:00.940774+00	29	Gacki Zbigniew	3		28	1
44	2025-05-12 12:23:00.940807+00	28	Kamil Surówka	3		28	1
45	2025-05-12 12:23:00.940829+00	27	Danusia Pie	3		28	1
46	2025-05-12 12:23:00.940844+00	26	Anna 	3		28	1
47	2025-05-12 12:23:00.940857+00	25	Adam Piterek	3		28	1
48	2025-05-12 12:23:00.940869+00	24	Barbara Ratajczyk	3		28	1
49	2025-05-12 12:23:00.940887+00	23	Sławomir Dębek	3		28	1
50	2025-05-12 12:23:00.9409+00	22	Tomasz Peroń	3		28	1
51	2025-05-12 12:23:00.940915+00	21	Bartek Chrusniak	3		28	1
52	2025-05-12 12:23:00.940928+00	20	Jan Matczak	3		28	1
53	2025-05-12 12:23:00.940941+00	19	Szymon Paluszak	3		28	1
54	2025-05-12 12:23:00.940954+00	18	Jan Lewon	3		28	1
55	2025-05-12 12:23:00.940966+00	17	Jacek Leks	3		28	1
56	2025-05-12 12:23:00.94098+00	16	Mateusz Cytrycki	3		28	1
57	2025-05-12 12:23:00.940995+00	15	Stanisław brzozowski	3		28	1
58	2025-05-12 12:23:00.941008+00	14	Tomasz Parużyński	3		28	1
59	2025-05-12 12:23:00.94102+00	13	Irena Tarczyńska	3		28	1
60	2025-05-12 12:23:00.941034+00	12	Mariusz Biernat	3		28	1
61	2025-05-12 12:23:00.941047+00	11	Artur Pakulski	3		28	1
62	2025-05-12 12:23:00.941059+00	10	Grzegorz Szurgot	3		28	1
63	2025-05-12 12:23:00.941071+00	9	Darek Pawlik	3		28	1
64	2025-05-12 12:23:00.941083+00	8	Edward Piekarski	3		28	1
65	2025-05-12 12:23:00.941096+00	7	Dybuś Jola	3		28	1
66	2025-05-12 12:23:00.941108+00	6	Jan 606	3		28	1
67	2025-05-12 12:23:00.941121+00	5	Maciej Ziętkiewicz	3		28	1
68	2025-05-12 12:23:00.941133+00	4	Marek Nowicki	3		28	1
69	2025-05-12 12:23:00.941146+00	3	Jerzy Lasota	3		28	1
70	2025-05-12 12:23:00.941159+00	2	Tomek Nawrocki	3		28	1
71	2025-05-12 12:23:00.941173+00	1	Dawid Plat	3		28	1
72	2025-05-12 12:59:07.791107+00	129	Stanisław Fedorowicz	3		28	1
73	2025-05-12 12:59:07.7912+00	128	Mariusz Staszak	3		28	1
74	2025-05-12 12:59:07.791237+00	127	Rafał Hadaś	3		28	1
75	2025-05-12 12:59:07.791267+00	126	Jacek Bresz	3		28	1
76	2025-05-12 12:59:07.791294+00	125	Marek Jeż	3		28	1
77	2025-05-12 12:59:07.791319+00	124	Jan Maternowski	3		28	1
78	2025-05-12 12:59:07.791344+00	123	Henryk Michalak	3		28	1
79	2025-05-12 12:59:07.791375+00	122	Janek Szczesniak	3		28	1
80	2025-05-12 12:59:07.791434+00	121	Andrzej Kucharczyk	3		28	1
81	2025-05-12 12:59:07.791466+00	120	Mariusz Wozniak	3		28	1
82	2025-05-12 12:59:07.791493+00	119	Tomasz Cyrulewski	3		28	1
83	2025-05-12 12:59:07.791518+00	118	Jerzy Ignaczak	3		28	1
84	2025-05-12 12:59:07.791542+00	117	Jadwiga Kurdek	3		28	1
85	2025-05-12 12:59:07.791566+00	116	Kazimierz Ziółkowski	3		28	1
86	2025-05-12 12:59:07.791589+00	115	Janusz Przepióra	3		28	1
87	2025-05-12 12:59:07.791623+00	114	Rafał Szukała	3		28	1
88	2025-05-12 12:59:07.791649+00	113	Leszek Berlik	3		28	1
89	2025-05-12 12:59:07.791674+00	112	Krzysztof Kubasik	3		28	1
90	2025-05-12 12:59:07.791698+00	111	Bolek Godzieba	3		28	1
91	2025-05-12 12:59:07.791723+00	110	Jarosław Smołka	3		28	1
92	2025-05-12 12:59:07.791746+00	109	Wacław Rutkowski	3		28	1
93	2025-05-12 12:59:07.79177+00	108	Zbigniew Mandelke	3		28	1
94	2025-05-12 12:59:07.791793+00	107	Radosław Borecki	3		28	1
95	2025-05-12 12:59:07.791816+00	106	Wojciech Sroka	3		28	1
96	2025-05-12 12:59:07.791838+00	105	Zofia Dominiak	3		28	1
97	2025-05-12 12:59:07.791862+00	104	Ryszard. Młynek	3		28	1
98	2025-05-12 12:59:07.791886+00	103	Andrzej 	3		28	1
99	2025-05-12 12:59:07.791909+00	102	Michał Miziewicz	3		28	1
100	2025-05-12 12:59:07.791932+00	101	Mirosław Przybylski	3		28	1
101	2025-05-12 12:59:07.791966+00	100	Michał Chudy	3		28	1
102	2025-05-12 12:59:07.791992+00	99	Drobek Stanisław	3		28	1
103	2025-05-12 12:59:07.792017+00	98	Mirosław Słodkowski	3		28	1
104	2025-05-12 12:59:07.79204+00	97	Zbyszek Wysoczański	3		28	1
105	2025-05-12 12:59:07.792064+00	96	Marek Tymecki	3		28	1
106	2025-05-12 12:59:07.792088+00	95	Jacek Kopec	3		28	1
107	2025-05-12 12:59:07.792112+00	94	Bożena Dziekońska	3		28	1
108	2025-05-12 12:59:07.792135+00	93	Gacki Zbigniew	3		28	1
109	2025-05-12 12:59:07.792163+00	92	Kamil Surówka	3		28	1
110	2025-05-12 12:59:07.792188+00	91	Danusia Pie	3		28	1
111	2025-05-12 12:59:07.792211+00	90	Anna 	3		28	1
112	2025-05-12 12:59:07.792233+00	89	Adam Piterek	3		28	1
113	2025-05-12 12:59:07.792256+00	88	Barbara Ratajczyk	3		28	1
114	2025-05-12 12:59:07.792278+00	87	Sławomir Dębek	3		28	1
115	2025-05-12 12:59:07.7923+00	86	Tomasz Peroń	3		28	1
116	2025-05-12 12:59:07.792329+00	85	Bartek Chrusniak	3		28	1
117	2025-05-12 12:59:07.792354+00	84	Jan Matczak	3		28	1
118	2025-05-12 12:59:07.792376+00	83	Szymon Paluszak	3		28	1
119	2025-05-12 12:59:07.792398+00	82	Jan Lewon	3		28	1
120	2025-05-12 12:59:07.79242+00	81	Jacek Leks	3		28	1
121	2025-05-12 12:59:07.792442+00	80	Mateusz Cytrycki	3		28	1
122	2025-05-12 12:59:07.792472+00	79	Stanisław brzozowski	3		28	1
123	2025-05-12 12:59:07.792496+00	78	Tomasz Parużyński	3		28	1
124	2025-05-12 12:59:07.792518+00	77	Irena Tarczyńska	3		28	1
125	2025-05-12 12:59:07.792542+00	76	Mariusz Biernat	3		28	1
126	2025-05-12 12:59:07.792566+00	75	Artur Pakulski	3		28	1
127	2025-05-12 12:59:07.792589+00	74	Grzegorz Szurgot	3		28	1
128	2025-05-12 12:59:07.79261+00	73	Darek Pawlik	3		28	1
129	2025-05-12 12:59:07.792632+00	72	Edward Piekarski	3		28	1
130	2025-05-12 12:59:07.792655+00	71	Dybuś Jola	3		28	1
131	2025-05-12 12:59:07.792684+00	70	Jan 606	3		28	1
132	2025-05-12 12:59:07.79271+00	69	Maciej Ziętkiewicz	3		28	1
133	2025-05-12 12:59:07.792732+00	68	Marek Nowicki	3		28	1
134	2025-05-12 12:59:07.792812+00	67	Jerzy Lasota	3		28	1
135	2025-05-12 12:59:07.792845+00	66	Tomek Nawrocki	3		28	1
136	2025-05-12 16:26:17.350699+00	194	Henryk Cierocki	3		28	1
137	2025-05-12 16:26:17.350763+00	193	Stanisław Fedorowicz	3		28	1
138	2025-05-12 16:26:17.350792+00	192	Mariusz Staszak	3		28	1
139	2025-05-12 16:26:17.350815+00	191	Rafał Hadaś	3		28	1
140	2025-05-12 16:26:17.350837+00	190	Jacek Bresz	3		28	1
141	2025-05-12 16:26:17.35086+00	189	Marek Jeż	3		28	1
142	2025-05-12 16:26:17.350883+00	188	Jan Maternowski	3		28	1
143	2025-05-12 16:26:17.350909+00	187	Henryk Michalak	3		28	1
144	2025-05-12 16:26:17.350929+00	186	Janek Szczesniak	3		28	1
145	2025-05-12 16:33:54.223446+00	185	Andrzej Kucharczyk	3		28	1
146	2025-05-12 16:33:54.223521+00	184	Mariusz Wozniak	3		28	1
147	2025-05-12 16:33:54.223553+00	183	Tomasz Cyrulewski	3		28	1
148	2025-05-12 16:33:54.223579+00	182	Jerzy Ignaczak	3		28	1
149	2025-05-12 16:33:54.223606+00	181	Jadwiga Kurdek	3		28	1
150	2025-05-12 16:33:54.223633+00	180	Kazimierz Ziółkowski	3		28	1
151	2025-05-12 16:33:54.223659+00	179	Janusz Przepióra	3		28	1
152	2025-05-12 16:33:54.22369+00	178	Rafał Szukała	3		28	1
153	2025-05-12 16:33:54.223718+00	177	Leszek Berlik	3		28	1
154	2025-05-12 16:33:54.223744+00	176	Krzysztof Kubasik	3		28	1
155	2025-05-12 16:33:54.223769+00	175	Bolek Godzieba	3		28	1
156	2025-05-12 16:33:54.223794+00	174	Jarosław Smołka	3		28	1
157	2025-05-12 16:33:54.223819+00	173	Wacław Rutkowski	3		28	1
158	2025-05-12 16:34:39.360744+00	203	Henryk Cierocki	3		28	1
159	2025-05-12 16:34:39.360816+00	202	Stanisław Fedorowicz	3		28	1
160	2025-05-12 16:34:39.360838+00	201	Mariusz Staszak	3		28	1
161	2025-05-12 16:34:39.360857+00	200	Rafał Hadaś	3		28	1
162	2025-05-12 16:34:39.360874+00	199	Jacek Bresz	3		28	1
163	2025-05-12 16:34:39.360889+00	198	Marek Jeż	3		28	1
164	2025-05-12 16:34:39.360908+00	197	Jan Maternowski	3		28	1
165	2025-05-12 16:34:39.360941+00	196	Henryk Michalak	3		28	1
166	2025-05-12 16:34:39.360963+00	195	Janek Szczesniak	3		28	1
167	2025-05-12 16:34:39.36098+00	172	Zbigniew Mandelke	3		28	1
168	2025-05-12 16:34:39.361011+00	171	Radosław Borecki	3		28	1
169	2025-05-12 16:34:39.361042+00	170	Wojciech Sroka	3		28	1
170	2025-05-12 16:34:39.361072+00	169	Zofia Dominiak	3		28	1
171	2025-05-15 06:14:56.435795+00	2	KamilW	1	[{"added": {}}]	4	1
172	2025-05-15 06:15:45.268481+00	2	KamilW	2	[{"changed": {"fields": ["First name", "Last name", "Groups", "User permissions"]}}]	4	1
173	2025-05-17 05:47:49.240184+00	248	Paweł Ciesielski	3		28	1
174	2025-05-17 05:47:49.240231+00	247	Teresa 	3		28	1
175	2025-05-17 05:47:49.240254+00	246	Piotr Wojciechowski	3		28	1
176	2025-05-17 05:47:49.240273+00	245	Maria Ołdziejewska	3		28	1
177	2025-05-17 07:43:46.550212+00	244	Rafal Grzesik	3		28	1
178	2025-05-17 07:43:46.550284+00	243	Roman Olejnik	3		28	1
179	2025-05-17 07:43:46.550318+00	242	Wladyslaw Wrzos	3		28	1
180	2025-05-17 07:43:46.550348+00	241	Jacek Orłowski	3		28	1
181	2025-05-17 07:43:46.550376+00	240	Mieczyslaw Kilinski	3		28	1
182	2025-05-17 07:43:46.550404+00	239	Janusz Bieńkowski6	3		28	1
183	2025-05-17 07:43:46.550433+00	238	Arek Ryckowski	3		28	1
184	2025-05-17 07:43:46.550463+00	237	Eugeniusz Lis	3		28	1
185	2025-05-17 07:43:46.550488+00	236	Józef Hetmanowski	3		28	1
186	2025-05-17 07:43:46.550513+00	235	Robert Michalak	3		28	1
187	2025-05-17 07:44:08.888745+00	328	Piotr Andersz	3		28	1
188	2025-05-17 07:44:08.888787+00	327	Małgorzata Biernacka	3		28	1
189	2025-05-17 07:44:08.888806+00	326	Lukasz Koligot	3		28	1
190	2025-05-17 07:44:08.888823+00	325	Piotr Czeczot	3		28	1
191	2025-05-17 07:44:08.888838+00	324	Adam Wieleba	3		28	1
192	2025-05-17 07:44:08.888853+00	323	Wojtek Żyła	3		28	1
193	2025-05-17 07:44:08.888868+00	322	Stefan Basiński	3		28	1
194	2025-05-17 07:44:08.888886+00	321	Henryk Borkowicz	3		28	1
195	2025-05-17 07:44:08.888901+00	320	Radosław Janiak	3		28	1
196	2025-05-18 16:57:54.839952+00	348	Aneta Madej	2	[{"changed": {"fields": ["Log"]}}]	28	1
197	2025-05-18 16:58:20.464584+00	348	Aneta Madej	2	[{"changed": {"fields": ["Note"]}}]	28	1
198	2025-05-18 17:03:03.947394+00	347	Piotr Andersz	2	[{"changed": {"fields": ["Log"]}}]	28	1
199	2025-05-19 08:18:47.043303+00	353	Slawomir Peja	3		28	1
200	2025-05-19 08:18:47.043371+00	352	Krzysztof Twardowski	3		28	1
201	2025-05-19 08:18:47.043399+00	351	Sławomir Nowak	3		28	1
202	2025-05-19 08:18:47.043441+00	350	Mieczysław Chwała	3		28	1
203	2025-05-19 08:18:47.043475+00	349	marcin roch	3		28	1
204	2025-05-19 08:18:47.043502+00	348	Aneta Madej	3		28	1
205	2025-05-19 08:18:47.043521+00	347	Piotr Andersz	3		28	1
206	2025-05-19 08:18:47.043542+00	346	Małgorzata Biernacka	3		28	1
207	2025-05-19 08:18:47.04356+00	345	Lukasz Koligot	3		28	1
208	2025-05-19 08:18:47.043577+00	344	Piotr Czeczot	3		28	1
209	2025-05-19 08:18:47.043594+00	343	Adam Wieleba	3		28	1
210	2025-05-19 08:18:47.043609+00	342	Wojtek Żyła	3		28	1
211	2025-05-19 08:18:47.043626+00	341	Stefan Basiński	3		28	1
212	2025-05-19 08:18:47.043641+00	340	Henryk Borkowicz	3		28	1
213	2025-05-19 08:30:59.053946+00	367	Slawomir Peja	2	[{"changed": {"fields": ["Log"]}}]	28	1
214	2025-05-19 08:41:13.443146+00	367	Slawomir Peja	3		28	1
215	2025-05-19 08:41:13.44323+00	366	Krzysztof Twardowski	3		28	1
216	2025-05-19 08:41:13.443262+00	365	Sławomir Nowak	3		28	1
217	2025-05-19 08:41:13.443283+00	364	Mieczysław Chwała	3		28	1
218	2025-05-19 08:41:13.443302+00	363	marcin roch	3		28	1
219	2025-05-19 09:50:29.470639+00	373	Eugeniusz Lis	1	[{"added": {}}]	28	1
220	2025-05-19 09:50:59.923276+00	373	Eugeniusz Lis	3		28	1
221	2025-05-19 13:20:43.855522+00	372	Slawomir Peja	3		28	1
222	2025-05-19 13:20:43.855571+00	371	Krzysztof Twardowski	3		28	1
223	2025-05-19 13:20:43.855592+00	370	Sławomir Nowak	3		28	1
224	2025-05-19 13:20:43.855609+00	369	Mieczysław Chwała	3		28	1
225	2025-05-19 13:20:43.855624+00	368	marcin roch	3		28	1
226	2025-05-19 13:20:43.855662+00	362	Aneta Madej	3		28	1
227	2025-05-19 13:20:43.855702+00	361	Piotr Andersz	3		28	1
228	2025-05-19 13:20:43.855735+00	360	Małgorzata Biernacka	3		28	1
229	2025-05-19 13:20:43.855755+00	359	Lukasz Koligot	3		28	1
230	2025-05-19 13:20:43.855773+00	358	Piotr Czeczot	3		28	1
231	2025-05-19 13:20:43.855789+00	357	Adam Wieleba	3		28	1
232	2025-05-19 13:20:43.855804+00	356	Wojtek Żyła	3		28	1
233	2025-05-19 13:20:43.855819+00	355	Stefan Basiński	3		28	1
234	2025-05-19 13:20:43.855834+00	354	Henryk Borkowicz	3		28	1
235	2025-05-19 13:20:43.855847+00	339	Radosław Janiak	3		28	1
236	2025-05-19 13:20:43.855861+00	338	Rafal Grzesik	3		28	1
237	2025-05-19 13:20:43.855875+00	337	Roman Olejnik	3		28	1
238	2025-05-19 13:23:05.996338+00	13	Jan Jastrzabek - 783433473	2	[{"changed": {"fields": ["Nazwisko"]}}]	11	1
239	2025-05-19 13:23:35.962316+00	15	Jan Jastrząbek - 783433473	3		11	1
240	2025-05-19 13:23:35.962363+00	14	Jan Jastrząbek - 783433473	3		11	1
241	2025-05-19 13:23:35.962386+00	13	Jan Jastrzabek - 783433473	3		11	1
242	2025-05-19 13:23:35.962405+00	12	Jan Jastrząbek - 783433473	3		11	1
243	2025-05-19 13:23:35.96242+00	11	Lukasz Koligot - 888269688	3		11	1
244	2025-05-19 13:23:35.96244+00	10	Lukasz Koligot - 888269688	3		11	1
245	2025-05-19 13:23:35.962483+00	9	Lukasz Koligot - 888269688	3		11	1
246	2025-05-19 13:23:35.96252+00	8	Lukasz Koligot - 888269688	3		11	1
247	2025-05-19 13:23:35.962549+00	1	sadasdas Plat - 510900163	3		11	1
248	2025-05-19 15:19:26.433338+00	394	Jan Jastrząbek	2	[{"changed": {"fields": ["Log", "Status"]}}]	28	1
249	2025-05-19 15:28:41.498858+00	17	Gacki Zbigniew - 572811616	2	[{"changed": {"fields": ["Status"]}}]	11	1
250	2025-05-19 15:29:03.416154+00	17	Gacki Zbigniew - 572811616	2	[{"changed": {"fields": ["Status"]}}]	11	1
251	2025-05-19 15:33:15.107516+00	17	Gacki Zbigniew - 572811616	3		11	1
252	2025-05-19 15:33:15.107593+00	16	Jan Jastrząbek - 783433473	3		11	1
253	2025-05-19 15:33:22.412366+00	394	Jan Jastrząbek	3		28	1
254	2025-05-19 15:33:22.412438+00	393	Tadeusz Przygoński	3		28	1
255	2025-05-19 15:33:22.412477+00	392	Mikołaj Demianiuk	3		28	1
256	2025-05-19 15:33:22.412504+00	391	Damian Boczula	3		28	1
257	2025-05-19 15:33:22.412529+00	390	Slawomir Peja	3		28	1
258	2025-05-19 15:33:22.412554+00	389	Krzysztof Twardowski	3		28	1
259	2025-05-19 15:33:22.41258+00	388	Sławomir Nowak	3		28	1
260	2025-05-19 15:33:22.412625+00	387	Mieczysław Chwała	3		28	1
261	2025-05-19 15:33:22.412652+00	386	marcin roch	3		28	1
262	2025-05-19 15:33:22.412677+00	385	Aneta Madej	3		28	1
263	2025-05-19 16:22:04.19508+00	404	Jan Jastrząbek	3		28	1
264	2025-05-19 16:22:04.195132+00	403	Tadeusz Przygoński	3		28	1
265	2025-05-19 16:22:04.195165+00	402	Mikołaj Demianiuk	3		28	1
266	2025-05-19 16:22:04.19521+00	401	Damian Boczula	3		28	1
267	2025-05-19 16:22:04.195249+00	400	Slawomir Peja	3		28	1
268	2025-05-19 16:22:04.195282+00	399	Krzysztof Twardowski	3		28	1
269	2025-05-19 16:22:04.195312+00	398	Sławomir Nowak	3		28	1
270	2025-05-19 16:22:04.195348+00	397	Mieczysław Chwała	3		28	1
271	2025-05-19 16:25:48.089391+00	412	Jan Jastrząbek	3		28	1
272	2025-05-19 16:25:48.089446+00	411	Tadeusz Przygoński	3		28	1
273	2025-05-19 16:25:48.089467+00	410	Mikołaj Demianiuk	3		28	1
274	2025-05-19 16:25:48.089485+00	409	Damian Boczula	3		28	1
275	2025-05-19 16:25:48.089502+00	408	Slawomir Peja	3		28	1
276	2025-05-19 16:25:48.08952+00	407	Krzysztof Twardowski	3		28	1
277	2025-05-19 16:25:48.089536+00	406	Sławomir Nowak	3		28	1
278	2025-05-19 16:25:48.089554+00	405	Mieczysław Chwała	3		28	1
279	2025-05-19 16:25:48.089574+00	396	marcin roch	3		28	1
280	2025-05-19 16:25:48.089619+00	395	Aneta Madej	3		28	1
281	2025-05-19 16:25:48.089657+00	384	Piotr Andersz	3		28	1
282	2025-05-19 16:25:48.089693+00	383	Małgorzata Biernacka	3		28	1
283	2025-05-19 16:25:48.089726+00	382	Lukasz Koligot	3		28	1
284	2025-05-19 16:25:48.089747+00	381	Piotr Czeczot	3		28	1
285	2025-05-19 16:25:48.089764+00	380	Adam Wieleba	3		28	1
286	2025-05-19 16:25:48.089779+00	379	Wojtek Żyła	3		28	1
287	2025-05-19 16:25:48.089803+00	378	Stefan Basiński	3		28	1
288	2025-05-19 16:25:48.089836+00	377	Henryk Borkowicz	3		28	1
289	2025-05-19 16:25:48.089866+00	376	Radosław Janiak	3		28	1
290	2025-05-19 16:25:48.089891+00	375	Rafal Grzesik	3		28	1
291	2025-05-19 16:25:48.089931+00	374	Roman Olejnik	3		28	1
292	2025-05-19 16:25:48.089959+00	336	Wladyslaw Wrzos	3		28	1
293	2025-05-19 16:25:48.089987+00	335	Jacek Orłowski	3		28	1
294	2025-05-19 16:25:48.090014+00	334	Mieczyslaw Kilinski	3		28	1
295	2025-05-19 16:25:48.090036+00	333	Janusz Bieńkowski6	3		28	1
296	2025-05-19 16:25:48.090054+00	332	Arek Ryckowski	3		28	1
297	2025-05-19 16:26:46.369883+00	331	Eugeniusz Lis	3		28	1
298	2025-05-19 16:26:46.369945+00	330	Józef Hetmanowski	3		28	1
299	2025-05-19 16:26:46.369978+00	329	Robert Michalak	3		28	1
300	2025-05-19 16:26:46.370006+00	319	Maciej Rogalski	3		28	1
301	2025-05-19 16:26:46.370037+00	318	Jozef Rytter	3		28	1
302	2025-05-19 16:26:46.370064+00	317	Krzysztof Bosakiewicz	3		28	1
303	2025-05-19 16:26:46.370091+00	316	Paweł Ciesielski	3		28	1
304	2025-05-19 16:26:46.370141+00	315	Teresa 	3		28	1
305	2025-05-19 16:26:46.370172+00	314	Piotr Wojciechowski	3		28	1
306	2025-05-19 16:26:46.3702+00	313	Maria Ołdziejewska	3		28	1
307	2025-05-19 16:28:39.419044+00	157	Gacki Zbigniew	2	[{"changed": {"fields": ["Log", "Status"]}}]	28	1
308	2025-05-19 17:08:11.030763+00	448	Jan Jastrząbek	2	[{"changed": {"fields": ["Log", "Status"]}}]	28	1
309	2025-05-19 17:09:00.062201+00	447	Tadeusz Przygoński	2	[{"changed": {"fields": ["Log", "Potencja\\u0142", "Status"]}}]	28	1
310	2025-05-19 17:09:07.704656+00	448	Jan Jastrząbek	2	[{"changed": {"fields": ["Log", "Potencja\\u0142", "Status"]}}]	28	1
311	2025-05-19 17:21:44.328781+00	28	Jan Jastrząbek - 783433473	3		11	1
312	2025-05-19 17:21:44.328855+00	27	Jan Jastrząbek - 783433473	3		11	1
313	2025-05-19 17:21:44.328886+00	26	Jan Jastrząbek - 783433473	3		11	1
314	2025-05-19 17:21:44.328914+00	25	Jan Jastrząbek - 783433473	3		11	1
315	2025-05-19 17:21:44.32894+00	24	Tadeusz Przygoński - 534019643	3		11	1
316	2025-05-19 17:21:44.328966+00	23	Jan Jastrząbek - 783433473	3		11	1
317	2025-05-19 17:21:44.328991+00	22	Jan Jastrząbek - 783433473	3		11	1
318	2025-05-19 17:21:44.329025+00	21	Tadeusz Przygoński - 534019643	3		11	1
319	2025-05-19 17:21:44.329054+00	20	Tadeusz Przygoński - 534019643	3		11	1
320	2025-05-19 17:21:44.329083+00	19	Jan Jastrząbek - 783433473	3		11	1
321	2025-05-19 17:21:44.329109+00	18	Damian Boczula - 792820145	3		11	1
322	2025-05-19 17:23:52.567315+00	448	Jan Jastrząbek	3		28	1
323	2025-05-19 17:23:52.56736+00	447	Tadeusz Przygoński	3		28	1
324	2025-05-19 17:23:52.567381+00	446	Mikołaj Demianiuk	3		28	1
325	2025-05-19 17:30:35.357062+00	451	Jan Jastrząbek	2	[{"changed": {"fields": ["Log", "Potencja\\u0142", "Status"]}}]	28	1
326	2025-05-19 17:32:48.570796+00	451	Jan Jastrząbek	2	[{"changed": {"fields": ["Notatka", "Log", "Status"]}}]	28	1
327	2025-05-19 17:33:24.380406+00	33	Jan Jastrząbek - 783433473	3		11	1
328	2025-05-19 17:33:24.380482+00	32	Jan Jastrząbek - 783433473	3		11	1
329	2025-05-19 17:33:24.380516+00	31	Mikołaj Demianiuk - 506082740	3		11	1
330	2025-05-19 17:33:24.38055+00	30	Tadeusz Przygoński - 534019643	3		11	1
331	2025-05-19 17:33:24.380598+00	29	Jan Jastrząbek - 783433473	3		11	1
332	2025-05-20 08:19:21.079112+00	455	Bogusław Rutecki	3		28	1
333	2025-05-20 08:19:21.079157+00	454	Andrzej Lipinski	3		28	1
334	2025-05-20 08:19:21.079177+00	453	Jerzy Otto	3		28	1
335	2025-05-20 08:19:32.116487+00	34	Andrzej Lipinski - 574550161	3		11	1
336	2025-05-20 10:52:58.260937+00	2	KamilW	2	[{"changed": {"fields": ["password"]}}]	4	1
337	2025-05-20 10:56:32.294594+00	2	KamilW	2	[{"changed": {"fields": ["password"]}}]	4	1
338	2025-05-20 12:05:54.450943+00	150	Tomasz Peroń	2	[{"changed": {"fields": ["Notatka"]}}]	28	1
339	2025-05-20 12:26:22.258911+00	153	Adam Piterek	2	[{"changed": {"fields": ["Notatka"]}}]	28	1
340	2025-05-20 12:29:37.066155+00	154	Anna None	2	[{"changed": {"fields": ["Notatka"]}}]	28	1
341	2025-05-20 12:48:37.59479+00	155	Danusia Pie	2	[{"changed": {"fields": ["Notatka", "Potencja\\u0142"]}}]	28	1
342	2025-05-20 18:21:27.544565+00	3	TomekK	1	[{"added": {}}]	4	1
343	2025-05-20 18:22:37.110228+00	3	TomekK	2	[{"changed": {"fields": ["First name", "Last name", "User permissions"]}}]	4	1
344	2025-05-20 18:44:32.33584+00	458	Bogusław Rutecki	3		28	1
345	2025-05-21 07:59:09.882006+00	461	Artur Nering	2	[{"changed": {"fields": ["Notatka", "Log", "Status"]}}]	28	1
346	2025-05-21 08:16:58.905259+00	3	TomekK	2	[{"changed": {"fields": ["Groups"]}}]	4	1
347	2025-05-21 08:24:11.93929+00	3	TomekK	2	[{"changed": {"fields": ["Email address"]}}]	4	1
348	2025-05-21 08:26:11.964968+00	3	TomekK	2	[{"changed": {"fields": ["User permissions"]}}]	4	1
349	2025-05-21 08:28:35.23335+00	3	TomekK	3		4	1
350	2025-05-21 08:31:03.9378+00	4	TomekK	1	[{"added": {}}]	4	1
351	2025-05-21 08:31:23.767818+00	4	TomekK	2	[{"changed": {"fields": ["First name", "Last name", "Email address", "Groups", "User permissions"]}}]	4	1
352	2025-05-21 08:33:23.921365+00	4	TomekK	2	[{"changed": {"fields": ["Staff status"]}}]	4	1
355	2025-05-21 09:13:30.707122+00	460	Marian Przychódzki	2	[{"changed": {"fields": ["Log", "Status"]}}]	28	1
356	2025-05-26 08:28:19.793112+00	2	KamilW	3		4	1
357	2025-05-26 08:31:37.621529+00	5	KamilW	1	[{"added": {}}]	4	1
358	2025-05-26 08:32:27.852482+00	5	KamilW	2	[{"changed": {"fields": ["First name", "Last name", "Staff status", "Groups", "User permissions"]}}]	4	1
359	2025-05-29 12:44:53.866277+00	201	Parcel object (201)	2	[{"changed": {"fields": ["Latitude", "Longitude"]}}]	32	1
360	2025-05-30 16:29:59.306023+00	212	Parcel object (212)	3		32	1
361	2025-05-30 16:29:59.306075+00	211	Parcel object (211)	3		32	1
362	2025-05-30 16:29:59.306098+00	210	Parcel object (210)	3		32	1
363	2025-06-02 18:17:36.78972+00	39	Leszek Berlik - 507127030	2	[{"changed": {"fields": ["Status"]}}]	11	1
364	2025-06-02 18:18:09.54334+00	39	Leszek Berlik - 507127030	2	[{"changed": {"fields": ["Mar\\u017ca"]}}]	11	1
365	2025-06-07 08:35:32.497231+00	210	Janusz Przepióra	2	[{"changed": {"fields": ["Log", "Status"]}}]	28	1
366	2025-06-07 08:41:25.593075+00	433	Wojtek Żyła	2	[{"changed": {"fields": ["Log", "Status"]}}]	28	1
367	2025-06-09 12:34:50.178147+00	163	Drobek Stanisław	2	[{"changed": {"fields": ["Notatka", "Log", "Status"]}}]	28	1
368	2025-06-10 09:58:11.800679+00	40	Waclaw Rutkowski - 693401577	2	[{"changed": {"fields": ["Imi\\u0119", "Etap klienta"]}}]	11	1
369	2025-06-12 08:18:45.471157+00	152	Barbara Ratajczyk	2	[{"changed": {"fields": ["Notatka", "Log", "Status"]}}]	28	1
370	2025-06-12 08:21:52.175764+00	45	Zbigniew Mandelke - 601526110	2	[{"changed": {"fields": ["Status"]}}]	11	1
371	2025-06-12 15:06:27.811956+00	46	Slawomir Dankowski - 697660323	2	[{"changed": {"fields": ["Imi\\u0119", "Status"]}}]	11	1
372	2025-06-12 15:06:35.787117+00	45	Zbigniew Mandelke - 601526110	2	[]	11	1
373	2025-06-12 15:14:55.880473+00	44	Rafal Hadas - 698688287	2	[{"changed": {"fields": ["Imi\\u0119", "Nazwisko", "Status"]}}]	11	1
374	2025-06-12 15:15:22.225963+00	40	Waclaw Rutkowski - 693401577	2	[{"changed": {"fields": ["Status", "Etap klienta"]}}]	11	1
375	2025-06-20 07:00:04.466018+00	51	Marek Jez - 507656764	2	[{"changed": {"fields": ["Nazwisko", "Status"]}}]	11	1
376	2025-06-20 07:00:10.930658+00	51	Marek Jez - 507656764	2	[]	11	1
377	2025-06-23 09:53:06.19697+00	47	Jadwiga Kurdek - 603793416	2	[{"changed": {"fields": ["Status"]}}]	11	1
378	2025-06-23 09:53:18.207732+00	43	Marek Tymecki - 536594619	2	[{"changed": {"fields": ["Status"]}}]	11	1
379	2025-06-23 10:29:08.715583+00	50	Leszek Andrzejewski - 691028979	2	[{"changed": {"fields": ["Status"]}}]	11	1
380	2025-06-23 15:32:27.64386+00	132	Marek Nowicki	2	[{"changed": {"fields": ["Notatka", "Log", "Status"]}}]	28	1
381	2025-06-23 16:24:57.911431+00	42	Barbara Ratajczyk - 697758095	3		11	1
382	2025-06-23 16:25:29.060874+00	152	Barbara Ratajczyk	2	[{"changed": {"fields": ["Status"]}}]	28	1
383	2025-06-30 07:44:25.832782+00	45	Zbigniew Mandelke - 601526110	3		11	1
384	2025-06-30 07:44:42.822346+00	47	Jadwiga Kurdek - 603793416	3		11	1
385	2025-06-30 07:45:02.770507+00	52	Aneta Kois - 604065601	2	[{"changed": {"fields": ["Status"]}}]	11	1
386	2025-06-30 07:45:31.000904+00	54	Eugeniusz Lis - 884439020	2	[{"changed": {"fields": ["Status"]}}]	11	1
387	2025-06-30 07:45:57.685299+00	56	Jacek Bresz - 695921871	2	[{"changed": {"fields": ["Status"]}}]	11	1
388	2025-06-30 08:25:57.703704+00	223	Jan Maternowski	2	[{"changed": {"fields": ["Log", "Status"]}}]	28	1
389	2025-06-30 08:48:58.024087+00	473	Jan Szymborski	2	[{"changed": {"fields": ["Log", "Status"]}}]	28	1
390	2025-07-02 09:20:39.791057+00	572	Waldemar Sz	3		28	1
391	2025-07-02 09:20:39.791151+00	571	Jerzy Łuczak	3		28	1
392	2025-07-02 09:20:39.791177+00	570	Leszek Wiśniewski	3		28	1
393	2025-07-02 09:20:39.791199+00	569	Jerzy Nowakowski	3		28	1
394	2025-07-02 09:20:39.791219+00	568	Monika Ratajczak	3		28	1
395	2025-07-02 09:20:39.79124+00	567	Rafał Zabłocki	3		28	1
396	2025-07-02 09:20:39.791259+00	566	Wiktor Pankowski	3		28	1
397	2025-07-02 09:20:39.791277+00	565	Honorata W-a	3		28	1
398	2025-07-02 09:20:39.791296+00	564	Mariola Sitek	3		28	1
399	2025-07-02 09:20:39.791315+00	563	Pawel Piwon	3		28	1
400	2025-07-02 09:20:39.791335+00	562	Janusz Miklasewicz	3		28	1
401	2025-07-02 09:20:39.791354+00	561	Ewa R	3		28	1
402	2025-07-02 09:20:39.791373+00	560	Rafał 	3		28	1
403	2025-07-02 09:20:39.791392+00	559	Jacek Stygar	3		28	1
404	2025-07-02 09:20:39.791412+00	558	Gabriel Twardy	3		28	1
405	2025-07-02 09:20:39.791432+00	557	Wiesław Kątny	3		28	1
406	2025-07-02 09:20:39.791452+00	556	Leszek Stachowiak	3		28	1
407	2025-07-02 09:20:39.791472+00	555	Karol Mandelt	3		28	1
408	2025-07-02 09:20:39.79149+00	554	Andrzej Kolenda	3		28	1
409	2025-07-02 09:20:39.791508+00	553	Renia Hensel	3		28	1
410	2025-07-02 09:20:39.791527+00	552	Jerzy Skoszewski	3		28	1
411	2025-07-02 09:20:39.791546+00	551	Roman Gęborowski	3		28	1
412	2025-07-02 09:20:39.791564+00	550	Tadeusz Matuszak	3		28	1
413	2025-07-02 09:20:39.791582+00	549	Andrzej Szymański	3		28	1
414	2025-07-02 09:20:39.791601+00	548	Leszek Szymczak	3		28	1
415	2025-07-02 09:20:39.79162+00	547	Leszek Rafacz	3		28	1
416	2025-07-02 09:20:39.791638+00	546	Arek Wardencki	3		28	1
417	2025-07-02 09:20:39.791656+00	545	Grazyna Peczkowska	3		28	1
418	2025-07-02 09:20:39.791675+00	544	Marek Żurek	3		28	1
419	2025-07-02 09:20:39.791693+00	543	Tomasz Korcz	3		28	1
420	2025-07-02 09:20:39.791714+00	542	Bogusława Wincentowicz	3		28	1
421	2025-07-02 09:20:39.791732+00	541	Łukasz Pastuszka	3		28	1
422	2025-07-02 09:20:39.791751+00	540	Bogdan Matulis	3		28	1
423	2025-07-02 09:20:39.79177+00	539	Robert Zychla	3		28	1
424	2025-07-02 09:20:39.791788+00	538	Piotr Lewicki	3		28	1
425	2025-07-02 09:20:39.791807+00	537	Rafał Nowacki	3		28	1
426	2025-07-02 09:20:39.791826+00	536	Grzegorz Jaśkowiak	3		28	1
427	2025-07-02 09:20:39.791846+00	535	Ewa Mrotek	3		28	1
428	2025-07-02 09:20:39.791865+00	534	Daniel Armanski	3		28	1
429	2025-07-02 09:20:39.791884+00	533	Krzysztof Andrzejczak	3		28	1
430	2025-07-02 09:20:39.791903+00	532	Józef Napora	3		28	1
431	2025-07-02 09:20:39.791921+00	531	Slawek Michowski	3		28	1
432	2025-07-02 09:20:39.79194+00	530	Michał Urbaniak	3		28	1
433	2025-07-02 09:20:39.791959+00	529	Piotr Sarnowski	3		28	1
434	2025-07-02 09:20:39.791977+00	528	Rafał Słożyński	3		28	1
435	2025-07-02 09:20:39.791994+00	527	Paweł Perka	3		28	1
436	2025-07-02 09:20:39.792013+00	526	Czesław Czapka	3		28	1
437	2025-07-02 09:20:39.792031+00	525	Jerzy Jąder	3		28	1
438	2025-07-02 09:20:39.79205+00	524	Krzysztof Dolecki	3		28	1
439	2025-07-02 09:20:39.792068+00	523	Marek Paweł	3		28	1
440	2025-07-02 09:20:39.792086+00	522	Dorota Mąka	3		28	1
441	2025-07-02 09:20:39.792105+00	521	Renata Drozdowska	3		28	1
442	2025-07-02 09:20:39.792123+00	520	Jerzy Dolata	3		28	1
443	2025-07-02 09:20:39.792142+00	519	Sławomir Dudek	3		28	1
444	2025-07-07 10:03:17.24276+00	58	Jan Maternowski - 577789175	2	[{"changed": {"fields": ["Status"]}}]	11	1
445	2025-07-07 10:03:43.535139+00	57	Joanna Plucisz - 609152867	2	[{"changed": {"fields": ["Nazwisko", "Status"]}}]	11	1
446	2025-07-07 10:04:17.844039+00	48	Beata Jaworska - 537911030	2	[{"changed": {"fields": ["Status"]}}]	11	1
447	2025-07-14 08:29:52.939973+00	63	Darek Pawlik - 514014700	2	[{"changed": {"fields": ["Status"]}}]	11	1
448	2025-07-14 11:11:42.327593+00	64	Bogdan Malocha - 502 238 146	2	[{"changed": {"fields": ["Status"]}}]	11	1
449	2025-07-14 12:00:43.410837+00	66	Tomasz Lendzioszek - 501293783	2	[{"changed": {"fields": ["Status"]}}]	11	1
450	2025-07-18 13:59:39.540537+00	67	Anna Dworczak - 601776240	2	[{"changed": {"fields": ["Nazwisko", "Status"]}}]	11	1
451	2025-07-18 14:00:07.123211+00	65	Piotr Czeczot - 602157088	2	[{"changed": {"fields": ["Status"]}}]	11	1
452	2025-07-18 14:02:15.313913+00	68	Malgorzata Biernacka - 507374890	2	[{"changed": {"fields": ["Imi\\u0119", "Status"]}}]	11	1
453	2025-07-18 14:02:24.531942+00	69	Rafal Grzesik - 508355143	2	[{"changed": {"fields": ["Status"]}}]	11	1
454	2025-07-22 12:59:13.767802+00	573	Leszek Wiśniewski	2	[{"changed": {"fields": ["Imi\\u0119", "Nazwisko", "Email", "Log"]}}]	28	1
455	2025-07-23 10:04:42.221502+00	5	KamilW	3		4	1
456	2025-07-23 10:05:04.325925+00	4	TomekK	3		4	1
457	2025-07-23 10:08:09.066779+00	576	Grazyna Peczkowska	2	[{"changed": {"fields": ["Imi\\u0119", "Nazwisko", "Email", "Log"]}}]	28	1
458	2025-07-23 10:09:26.633199+00	574	Michał Urban	2	[{"changed": {"fields": ["Imi\\u0119", "Nazwisko", "Email", "Log"]}}]	28	1
459	2025-07-23 10:09:40.123837+00	575	Artur Sikora	2	[{"changed": {"fields": ["Imi\\u0119", "Nazwisko", "Email", "Notatka", "Log"]}}]	28	1
460	2025-07-23 10:09:56.559563+00	577	Monika Ratajczak	2	[{"changed": {"fields": ["Imi\\u0119", "Nazwisko", "Email", "Notatka", "Log"]}}]	28	1
461	2025-07-23 10:10:19.606747+00	578	Marek Miętkiewicz	2	[{"changed": {"fields": ["Imi\\u0119", "Nazwisko", "Email", "Log"]}}]	28	1
462	2025-07-23 10:11:02.951446+00	579	Marceli None	2	[{"changed": {"fields": ["Imi\\u0119", "Email", "Log"]}}]	28	1
463	2025-07-23 10:11:17.247827+00	580	Tadeusz Matuszak	2	[{"changed": {"fields": ["Imi\\u0119", "Nazwisko", "Email"]}}]	28	1
464	2025-07-23 10:11:31.548096+00	581	Monika Maciejewska	2	[{"changed": {"fields": ["Imi\\u0119", "Nazwisko", "Email", "Log"]}}]	28	1
465	2025-07-23 10:11:48.573761+00	582	Hubert Grzelka	2	[{"changed": {"fields": ["Imi\\u0119", "Nazwisko", "Email"]}}]	28	1
466	2025-07-23 10:12:02.868373+00	583	Kamil Wik	2	[{"changed": {"fields": ["Imi\\u0119", "Nazwisko", "Email"]}}]	28	1
467	2025-07-23 10:12:15.07458+00	584	Piotr Popławski	2	[{"changed": {"fields": ["Imi\\u0119", "Nazwisko", "Email"]}}]	28	1
468	2025-07-23 10:12:29.363615+00	585	Katarzyna Szpilewicz	2	[{"changed": {"fields": ["Imi\\u0119", "Nazwisko", "Email"]}}]	28	1
469	2025-07-23 10:12:53.450328+00	586	Stella None	2	[{"changed": {"fields": ["Imi\\u0119", "Email"]}}]	28	1
470	2025-07-23 10:13:09.718504+00	587	Sławomir Nowak	2	[{"changed": {"fields": ["Imi\\u0119", "Nazwisko", "Email", "Notatka"]}}]	28	1
471	2025-07-23 10:13:24.243553+00	588	Jan Kostrzewski	2	[{"changed": {"fields": ["Imi\\u0119", "Nazwisko", "Email", "Log"]}}]	28	1
472	2025-07-23 10:13:51.862508+00	589	Ola Szustakowska	2	[{"changed": {"fields": ["Imi\\u0119", "Nazwisko", "Email", "Notatka"]}}]	28	1
473	2025-07-23 10:14:40.781066+00	590	Roman Wiśniewski	2	[{"changed": {"fields": ["Imi\\u0119", "Nazwisko", "Email", "Log"]}}]	28	1
474	2025-07-23 10:15:56.099685+00	591	Waldemar Prill	2	[{"changed": {"fields": ["Imi\\u0119", "Nazwisko", "Email"]}}]	28	1
475	2025-08-04 09:24:41.057884+00	611	Mieczysław stypczynski	1	[{"added": {}}]	28	1
476	2025-08-06 09:50:09.663172+00	503	Łukasz Purul	2	[{"changed": {"fields": ["Log", "Status"]}}]	28	1
477	2025-08-06 10:02:03.248206+00	509	Jacek Walentowicz	2	[{"changed": {"fields": ["Notatka", "Log"]}}]	28	1
478	2025-08-06 10:02:36.788488+00	509	Jacek Walentowicz	2	[{"changed": {"fields": ["Status"]}}]	28	1
479	2025-08-06 11:24:38.979092+00	577	Monika Ratajczak	2	[{"changed": {"fields": ["Status"]}}]	28	1
480	2025-08-06 11:26:28.554396+00	573	Leszek Wiśniewski	2	[{"changed": {"fields": ["Status"]}}]	28	1
481	2025-08-06 11:31:17.132416+00	413	Robert Michalak	2	[{"changed": {"fields": ["Notatka", "Log", "Status"]}}]	28	1
482	2025-08-06 11:49:17.47364+00	413	Robert Michalak	2	[]	28	1
483	2025-08-06 11:57:05.346965+00	426	Paweł Ciesielski	2	[{"changed": {"fields": ["Log", "Status"]}}]	28	1
484	2025-08-06 11:58:10.48424+00	153	Adam Piterek	2	[{"changed": {"fields": ["Log", "Status"]}}]	28	1
485	2025-08-06 12:06:43.084371+00	131	Jerzy Lasota	2	[{"changed": {"fields": ["Log", "Status"]}}]	28	1
486	2025-08-06 12:15:38.996711+00	423	Maria Ołdziejewska	2	[{"changed": {"fields": ["Log", "Status"]}}]	28	1
487	2025-08-06 12:17:53.789227+00	477	Michał Michalak	2	[{"changed": {"fields": ["Notatka", "Log", "Status"]}}]	28	1
488	2025-08-06 12:19:19.367279+00	426	Paweł Ciesielski	2	[{"changed": {"fields": ["Status"]}}]	28	1
489	2025-08-06 12:19:56.093547+00	423	Maria Ołdziejewska	2	[{"changed": {"fields": ["Status"]}}]	28	1
490	2025-08-06 12:21:07.529961+00	577	Monika Ratajczak	2	[{"changed": {"fields": ["Status"]}}]	28	1
491	2025-08-06 12:24:44.290336+00	509	Jacek Walentowicz	2	[{"changed": {"fields": ["Status"]}}]	28	1
492	2025-08-06 12:25:25.272769+00	503	Łukasz Purul	2	[{"changed": {"fields": ["Status"]}}]	28	1
493	2025-08-06 12:26:25.15228+00	573	Leszek Wiśniewski	2	[{"changed": {"fields": ["Status"]}}]	28	1
494	2025-08-06 12:27:36.611882+00	413	Robert Michalak	2	[{"changed": {"fields": ["Status"]}}]	28	1
495	2025-08-11 17:32:56.423671+00	216	Andrzej Kucharczyk	2	[{"changed": {"fields": ["Log", "Status"]}}]	28	1
\.


--
-- Data for Name: django_content_type; Type: TABLE DATA; Schema: public; Owner: new_crmuser
--

COPY public.django_content_type (id, app_label, model) FROM stdin;
1	admin	logentry
2	auth	permission
3	auth	group
4	auth	user
5	contenttypes	contenttype
6	sessions	session
7	CrmModuleOne	documenttemplate
8	CrmModuleOne	productcategory
9	CrmModuleOne	subsidyoption
10	CrmModuleOne	subsidyprogram
11	CrmModuleOne	client
12	CrmModuleOne	activitylog
13	CrmModuleOne	informationpost
14	CrmModuleOne	meeting
15	CrmModuleOne	note
16	CrmModuleOne	notification
17	CrmModuleOne	offer
18	CrmModuleOne	clientfile
19	CrmModuleOne	payment
20	CrmModuleOne	product
21	CrmModuleOne	offerproduct
22	CrmModuleOne	productattribute
23	CrmModuleOne	productconfiguration
24	CrmModuleOne	profile
25	CrmModuleOne	subsidyproductcriteria
26	CrmModuleOne	task
27	CrmModuleOne	productdocumentrequirement
28	CrmModuleOne	prelead
29	easy_thumbnails	source
30	easy_thumbnails	thumbnail
31	easy_thumbnails	thumbnaildimensions
32	CrmModuleOne	parcel
\.


--
-- Data for Name: django_migrations; Type: TABLE DATA; Schema: public; Owner: new_crmuser
--

COPY public.django_migrations (id, app, name, applied) FROM stdin;
1	contenttypes	0001_initial	2025-05-08 10:20:41.39072+00
2	auth	0001_initial	2025-05-08 10:20:41.471217+00
3	CrmModuleOne	0001_initial	2025-05-08 10:20:42.014678+00
4	CrmModuleOne	0002_client_required_fields_offer	2025-05-08 10:20:42.034281+00
5	CrmModuleOne	0003_remove_client_required_fields_offer_and_more	2025-05-08 10:20:42.058477+00
6	CrmModuleOne	0004_client_contract_value_client_final_offer_and_more	2025-05-08 10:20:42.1281+00
7	CrmModuleOne	0005_prelead	2025-05-08 10:20:42.134487+00
8	admin	0001_initial	2025-05-08 10:20:42.180172+00
9	admin	0002_logentry_remove_auto_add	2025-05-08 10:20:42.195345+00
10	admin	0003_logentry_add_action_flag_choices	2025-05-08 10:20:42.216095+00
11	contenttypes	0002_remove_content_type_name	2025-05-08 10:20:42.256011+00
12	auth	0002_alter_permission_name_max_length	2025-05-08 10:20:42.281501+00
13	auth	0003_alter_user_email_max_length	2025-05-08 10:20:42.307969+00
14	auth	0004_alter_user_username_opts	2025-05-08 10:20:42.340939+00
15	auth	0005_alter_user_last_login_null	2025-05-08 10:20:42.370448+00
16	auth	0006_require_contenttypes_0002	2025-05-08 10:20:42.372157+00
17	auth	0007_alter_validators_add_error_messages	2025-05-08 10:20:42.402029+00
18	auth	0008_alter_user_username_max_length	2025-05-08 10:20:42.437053+00
19	auth	0009_alter_user_last_name_max_length	2025-05-08 10:20:42.470631+00
20	auth	0010_alter_group_name_max_length	2025-05-08 10:20:42.501785+00
21	auth	0011_update_proxy_permissions	2025-05-08 10:20:42.534899+00
22	auth	0012_alter_user_first_name_max_length	2025-05-08 10:20:42.563156+00
23	easy_thumbnails	0001_initial	2025-05-08 10:20:42.599354+00
24	easy_thumbnails	0002_thumbnaildimensions	2025-05-08 10:20:42.611093+00
25	sessions	0001_initial	2025-05-08 10:20:42.624018+00
26	CrmModuleOne	0006_prelead_created_at_prelead_last_name_prelead_note_and_more	2025-05-12 10:13:03.894355+00
27	CrmModuleOne	0007_prelead_email	2025-05-12 10:16:59.454323+00
28	CrmModuleOne	0008_prelead_user	2025-05-12 12:00:19.258387+00
29	CrmModuleOne	0009_alter_prelead_note	2025-05-12 12:33:10.823327+00
30	CrmModuleOne	0010_prelead_status	2025-05-17 05:31:36.325724+00
31	CrmModuleOne	0011_alter_prelead_status	2025-05-17 05:55:29.621424+00
32	CrmModuleOne	0012_prelead_log	2025-05-17 06:57:10.839538+00
33	CrmModuleOne	0013_alter_prelead_status	2025-05-19 11:55:01.474046+00
34	CrmModuleOne	0014_alter_prelead_note	2025-05-20 15:22:32.232082+00
35	CrmModuleOne	0015_parcel	2025-05-20 15:22:48.830087+00
36	CrmModuleOne	0016_rename_prelead_parcel_lead	2025-05-20 15:56:59.059368+00
37	CrmModuleOne	0017_parcel_latitude_parcel_longitude	2025-05-29 12:11:51.725403+00
\.


--
-- Data for Name: django_session; Type: TABLE DATA; Schema: public; Owner: new_crmuser
--

COPY public.django_session (session_key, session_data, expire_date) FROM stdin;
4yaissdx80y0uska3t941xow3pf1zgsr	.eJxVjMEOwiAQRP-FsyEgFIpH734DWdhdqRqalPZk_Hdp0oPeJvPmzVtE2NYSt0ZLnFBchBan3y5BflLdAT6g3meZ57ouU5L7RB60yduM9Loe27-DAq10O6MJxIGCY1ZajSZYC1Z55yD3FmhwozEJB_Q9aVSMrBK74FNX7Vl8vurMOCE:1uHlOa:fTzNIq76kTdl_YNxqW0vYT1Zm73VRnMJTnqwarN4jmU	2025-06-04 15:30:16.135855+00
g6e5udy0j3adbgfw1mv7v2tn4arx2274	.eJxVjMEOwiAQRP-FsyEgFIpH734DWdhdqRqalPZk_Hdp0oPeJvPmzVtE2NYSt0ZLnFBchBan3y5BflLdAT6g3meZ57ouU5L7RB60yduM9Loe27-DAq10O6MJxIGCY1ZajSZYC1Z55yD3FmhwozEJB_Q9aVSMrBK74FNX7Vl8vurMOCE:1uI0GB:dnBXaygp69aQ7P0YzhyduktMiDfvHt4jhaU_47cad_w	2025-06-05 07:22:35.369627+00
ec1jvq3nurrsvhku93plgbfqdlcawne7	.eJxVjMEOwiAQRP-FsyEgFIpH734DWdhdqRqalPZk_Hdp0oPeJvPmzVtE2NYSt0ZLnFBchBan3y5BflLdAT6g3meZ57ouU5L7RB60yduM9Loe27-DAq10O6MJxIGCY1ZajSZYC1Z55yD3FmhwozEJB_Q9aVSMrBK74FNX7Vl8vurMOCE:1uJsRM:bsEZQHNa_x9YRHJ8aBPCBC6KD_Ay9vyAzE5qPMF7dpk	2025-06-10 11:25:52.285713+00
9koivezw8tn35aqw881dj77qiji24pj8	.eJxVjMEOwiAQRP-FsyEgFIpH734DWdhdqRqalPZk_Hdp0oPeJvPmzVtE2NYSt0ZLnFBchBan3y5BflLdAT6g3meZ57ouU5L7RB60yduM9Loe27-DAq10O6MJxIGCY1ZajSZYC1Z55yD3FmhwozEJB_Q9aVSMrBK74FNX7Vl8vurMOCE:1uLnq3:DLk1dRzdZLJkRswnm7z3ah4qOyr9uql427KMH78kSic	2025-06-15 18:55:19.905022+00
h7595hwthpaq6u4wc3u7vsbkvkynq6ri	.eJxVjMEOwiAQRP-FsyEgFIpH734DWdhdqRqalPZk_Hdp0oPeJvPmzVtE2NYSt0ZLnFBchBan3y5BflLdAT6g3meZ57ouU5L7RB60yduM9Loe27-DAq10O6MJxIGCY1ZajSZYC1Z55yD3FmhwozEJB_Q9aVSMrBK74FNX7Vl8vurMOCE:1uOyQV:MPoK16FhplRcYBWqGxzQbmAxFyv7vBIehE5m5iXxaDw	2025-06-24 12:50:03.592368+00
pr59ug2lse8ety2qtlpc7bb1u6lfas0x	.eJxVjMEOwiAQRP-FsyEgFIpH734DWdhdqRqalPZk_Hdp0oPeJvPmzVtE2NYSt0ZLnFBchBan3y5BflLdAT6g3meZ57ouU5L7RB60yduM9Loe27-DAq10O6MJxIGCY1ZajSZYC1Z55yD3FmhwozEJB_Q9aVSMrBK74FNX7Vl8vurMOCE:1uP3oY:0PNJcRh2WhJe-h_BtXrfr4M_S2l3hCad76BPx_FE_hA	2025-06-24 18:35:14.679707+00
4lzzhazm2sad09bw5n7x1cn7jf75d476	.eJxVjMEOwiAQRP-FsyEgFIpH734DWdhdqRqalPZk_Hdp0oPeJvPmzVtE2NYSt0ZLnFBchBan3y5BflLdAT6g3meZ57ouU5L7RB60yduM9Loe27-DAq10O6MJxIGCY1ZajSZYC1Z55yD3FmhwozEJB_Q9aVSMrBK74FNX7Vl8vurMOCE:1uRFBZ:ndAJgCJMD8KgYt-ih6jHPP2Qha6UjqNxetrFEfQbPb8	2025-06-30 19:08:01.813424+00
3ao3qi4m8i8d0l7euljn7dhcxf74hbkk	.eJxVjMEOwiAQRP-FsyEgFIpH734DWdhdqRqalPZk_Hdp0oPeJvPmzVtE2NYSt0ZLnFBchBan3y5BflLdAT6g3meZ57ouU5L7RB60yduM9Loe27-DAq10O6MJxIGCY1ZajSZYC1Z55yD3FmhwozEJB_Q9aVSMrBK74FNX7Vl8vurMOCE:1uGAO2:0BiSXVhBbEPnC4Ih2A8NL9df38lLyfa_ZPyUgp1NkVk	2025-05-31 05:47:06.051191+00
5jz5v1vcu5kl0kk99n4sb1wk46qidx1j	.eJxVjMEOwiAQRP-FsyEgFIpH734DWdhdqRqalPZk_Hdp0oPeJvPmzVtE2NYSt0ZLnFBchBan3y5BflLdAT6g3meZ57ouU5L7RB60yduM9Loe27-DAq10O6MJxIGCY1ZajSZYC1Z55yD3FmhwozEJB_Q9aVSMrBK74FNX7Vl8vurMOCE:1uU3LG:Lp5VNvflM4CUJm-It1jp7mXcqayFN5RkP2IhUmEtkMg	2025-07-08 13:05:38.299069+00
3qg69t2zsgblnos9fs8awmw7nn3z2p4w	.eJxVjMEOwiAQRP-FsyEgFIpH734DWdhdqRqalPZk_Hdp0oPeJvPmzVtE2NYSt0ZLnFBchBan3y5BflLdAT6g3meZ57ouU5L7RB60yduM9Loe27-DAq10O6MJxIGCY1ZajSZYC1Z55yD3FmhwozEJB_Q9aVSMrBK74FNX7Vl8vurMOCE:1uWK07:MyFgZgvSQWx42SurjV1VPWwuiXp1Y965bUsUEVz54FQ	2025-07-14 19:17:11.455988+00
k0ehfqx3su1qk9i1z1w209xbe7iwbzzz	.eJxVjMEOwiAQRP-FsyEgFIpH734DWdhdqRqalPZk_Hdp0oPeJvPmzVtE2NYSt0ZLnFBchBan3y5BflLdAT6g3meZ57ouU5L7RB60yduM9Loe27-DAq10O6MJxIGCY1ZajSZYC1Z55yD3FmhwozEJB_Q9aVSMrBK74FNX7Vl8vurMOCE:1uZPtL:VwivLlYulQ8-eB39K6Sf_rVLJpWWWTU8f1bBiAJeqEA	2025-07-23 08:10:59.976881+00
fpmzbm0ga31p8uyun7fc0egi5mzzlry9	.eJxVjMEOwiAQRP-FsyEgFIpH734DWdhdqRqalPZk_Hdp0oPeJvPmzVtE2NYSt0ZLnFBchBan3y5BflLdAT6g3meZ57ouU5L7RB60yduM9Loe27-DAq10O6MJxIGCY1ZajSZYC1Z55yD3FmhwozEJB_Q9aVSMrBK74FNX7Vl8vurMOCE:1uHKe8:dg9Ui7qibv9GDckCodngrw5ImNYTm22JcnFn2ZMPjkA	2025-06-03 10:56:32.304288+00
dqorrikxb19h297dkw0tk2fkob1qw96n	.eJxVjEEOwiAQRe_C2pAyYAdcuu8ZyJQZpGpoUtqV8e7apAvd_vfef6lI21ri1mSJE6uLAnX63UZKD6k74DvV26zTXNdlGvWu6IM2Pcwsz-vh_h0UauVbZ4sZexYmw50Rj4JMkG3wQigpnAmNI0AU01uXOwADaF3ikEbwxqv3B_ukN90:1uHKew:jQnO-tyNmUqatViAH0ll8ZtOcdvluIQ6BLLVjXB4kEA	2025-06-03 10:57:22.20109+00
cv4bgl8ugbe6qt5qcsr8cfh62w7x49ii	.eJxVjMEOwiAQRP-FsyEgFIpH734DWdhdqRqalPZk_Hdp0oPeJvPmzVtE2NYSt0ZLnFBchBan3y5BflLdAT6g3meZ57ouU5L7RB60yduM9Loe27-DAq10O6MJxIGCY1ZajSZYC1Z55yD3FmhwozEJB_Q9aVSMrBK74FNX7Vl8vurMOCE:1ubdu7:YKrMuapNp1mpRYmN4JZkqFyARUNLuPF1JfOTZekuORc	2025-07-29 11:32:59.068299+00
bpiiagdll5wpfjo0r1gwy8j7vcfn74rk	.eJxVjMEOwiAQRP-FsyEgFIpH734DWdhdqRqalPZk_Hdp0oPeJvPmzVtE2NYSt0ZLnFBchBan3y5BflLdAT6g3meZ57ouU5L7RB60yduM9Loe27-DAq10O6MJxIGCY1ZajSZYC1Z55yD3FmhwozEJB_Q9aVSMrBK74FNX7Vl8vurMOCE:1ueWKX:FNUurReWWMNqEySRWjMysAKFtJex33QR7TG7iDI7Sos	2025-08-06 10:04:09.549247+00
c517qbble2lcoo4jdknd2dq1cju5p6uy	.eJxVjMEOwiAQRP-FsyEgFIpH734DWdhdqRqalPZk_Hdp0oPeJvPmzVtE2NYSt0ZLnFBchBan3y5BflLdAT6g3meZ57ouU5L7RB60yduM9Loe27-DAq10O6MJxIGCY1ZajSZYC1Z55yD3FmhwozEJB_Q9aVSMrBK74FNX7Vl8vurMOCE:1uhCPG:U8OfoRyNEvATfRmbnrO8VjoUN0sFIelioMaU_q7z0zE	2025-08-13 19:24:06.293472+00
3vx9gp8yqo7k1zjxvgierri7ktdvo0x0	.eJxVjMEOwiAQRP-FsyEgFIpH734DWdhdqRqalPZk_Hdp0oPeJvPmzVtE2NYSt0ZLnFBchBan3y5BflLdAT6g3meZ57ouU5L7RB60yduM9Loe27-DAq10O6MJxIGCY1ZajSZYC1Z55yD3FmhwozEJB_Q9aVSMrBK74FNX7Vl8vurMOCE:1ujaJ2:tWsD_1oaIEaBvZu-LGyFyrTjoDljv3ws6MnS1gEKibg	2025-08-20 09:19:32.253523+00
dwbuy9p1nu9ju8yarp4cwe93enaotr47	.eJxVjMEOwiAQRP-FsyEgFIpH734DWdhdqRqalPZk_Hdp0oPeJvPmzVtE2NYSt0ZLnFBchBan3y5BflLdAT6g3meZ57ouU5L7RB60yduM9Loe27-DAq10O6MJxIGCY1ZajSZYC1Z55yD3FmhwozEJB_Q9aVSMrBK74FNX7Vl8vurMOCE:1ujbEI:uuZlwqmljNQ2I4ipGZUXXHwVKihk3p5Upniltk37e1E	2025-08-20 10:18:42.078234+00
cgaa8pxfajfh7yapjlqp3qsaa0t01pjv	.eJxVjMEOwiAQRP-FsyEgFIpH734DWdhdqRqalPZk_Hdp0oPeJvPmzVtE2NYSt0ZLnFBchBan3y5BflLdAT6g3meZ57ouU5L7RB60yduM9Loe27-DAq10O6MJxIGCY1ZajSZYC1Z55yD3FmhwozEJB_Q9aVSMrBK74FNX7Vl8vurMOCE:1umSP4:TczYcytD6C1yFgqyrIon4ZT2MNrKeEd3aH1nDx_Pwy4	2025-08-28 07:29:38.631591+00
scpuihh15bq3lk6j905oczn6r3u25iru	.eJxVjMEOwiAQRP-FsyEgFIpH734DWdhdqRqalPZk_Hdp0oPeJvPmzVtE2NYSt0ZLnFBchBan3y5BflLdAT6g3meZ57ouU5L7RB60yduM9Loe27-DAq10O6MJxIGCY1ZajSZYC1Z55yD3FmhwozEJB_Q9aVSMrBK74FNX7Vl8vurMOCE:1uqzHF:KTUSMRkgnW1wm-RZna7vmJZBb-DJIJx82MMpS9J5G_w	2025-09-09 19:24:17.898349+00
195si979czpvxdyibol1f8yzz4q1yxgh	.eJxVjEsOAiEQBe_C2hCQX-PSvWcgNA0yaiAZZlbGuxuSWej2VdV7sxD3rYZ95DUsxC5Ms9PvhjE9c5uAHrHdO0-9beuCfCr8oIPfOuXX9XD_DmocddbSe4rOkzFFeBmRtAWLCkAUACUzUrLiDIqs0uCdSDILylZAQWcA2ecL28Y3kA:1uHevD:XjFob97WbgPYwI3ISl4LycTvyh9riCvDWvqMJttnZwY	2025-06-04 08:35:31.531435+00
\.


--
-- Data for Name: easy_thumbnails_source; Type: TABLE DATA; Schema: public; Owner: new_crmuser
--

COPY public.easy_thumbnails_source (id, storage_hash, name, modified) FROM stdin;
\.


--
-- Data for Name: easy_thumbnails_thumbnail; Type: TABLE DATA; Schema: public; Owner: new_crmuser
--

COPY public.easy_thumbnails_thumbnail (id, storage_hash, name, modified, source_id) FROM stdin;
\.


--
-- Data for Name: easy_thumbnails_thumbnaildimensions; Type: TABLE DATA; Schema: public; Owner: new_crmuser
--

COPY public.easy_thumbnails_thumbnaildimensions (id, thumbnail_id, width, height) FROM stdin;
\.


--
-- Name: CrmModuleOne_activitylog_id_seq; Type: SEQUENCE SET; Schema: public; Owner: new_crmuser
--

SELECT pg_catalog.setval('public."CrmModuleOne_activitylog_id_seq"', 34, true);


--
-- Name: CrmModuleOne_client_id_seq; Type: SEQUENCE SET; Schema: public; Owner: new_crmuser
--

SELECT pg_catalog.setval('public."CrmModuleOne_client_id_seq"', 79, true);


--
-- Name: CrmModuleOne_clientfile_id_seq; Type: SEQUENCE SET; Schema: public; Owner: new_crmuser
--

SELECT pg_catalog.setval('public."CrmModuleOne_clientfile_id_seq"', 1, false);


--
-- Name: CrmModuleOne_documenttemplate_id_seq; Type: SEQUENCE SET; Schema: public; Owner: new_crmuser
--

SELECT pg_catalog.setval('public."CrmModuleOne_documenttemplate_id_seq"', 1, false);


--
-- Name: CrmModuleOne_informationpost_acknowledged_by_id_seq; Type: SEQUENCE SET; Schema: public; Owner: new_crmuser
--

SELECT pg_catalog.setval('public."CrmModuleOne_informationpost_acknowledged_by_id_seq"', 1, false);


--
-- Name: CrmModuleOne_informationpost_id_seq; Type: SEQUENCE SET; Schema: public; Owner: new_crmuser
--

SELECT pg_catalog.setval('public."CrmModuleOne_informationpost_id_seq"', 1, false);


--
-- Name: CrmModuleOne_meeting_id_seq; Type: SEQUENCE SET; Schema: public; Owner: new_crmuser
--

SELECT pg_catalog.setval('public."CrmModuleOne_meeting_id_seq"', 16, true);


--
-- Name: CrmModuleOne_note_id_seq; Type: SEQUENCE SET; Schema: public; Owner: new_crmuser
--

SELECT pg_catalog.setval('public."CrmModuleOne_note_id_seq"', 55, true);


--
-- Name: CrmModuleOne_notification_id_seq; Type: SEQUENCE SET; Schema: public; Owner: new_crmuser
--

SELECT pg_catalog.setval('public."CrmModuleOne_notification_id_seq"', 20, true);


--
-- Name: CrmModuleOne_offerproduct_id_seq; Type: SEQUENCE SET; Schema: public; Owner: new_crmuser
--

SELECT pg_catalog.setval('public."CrmModuleOne_offerproduct_id_seq"', 1, false);


--
-- Name: CrmModuleOne_offerproduct_required_documents_id_seq; Type: SEQUENCE SET; Schema: public; Owner: new_crmuser
--

SELECT pg_catalog.setval('public."CrmModuleOne_offerproduct_required_documents_id_seq"', 1, false);


--
-- Name: CrmModuleOne_parcel_id_seq; Type: SEQUENCE SET; Schema: public; Owner: new_crmuser
--

SELECT pg_catalog.setval('public."CrmModuleOne_parcel_id_seq"', 394, true);


--
-- Name: CrmModuleOne_payment_id_seq; Type: SEQUENCE SET; Schema: public; Owner: new_crmuser
--

SELECT pg_catalog.setval('public."CrmModuleOne_payment_id_seq"', 1, false);


--
-- Name: CrmModuleOne_prelead_id_seq; Type: SEQUENCE SET; Schema: public; Owner: new_crmuser
--

SELECT pg_catalog.setval('public."CrmModuleOne_prelead_id_seq"', 657, true);


--
-- Name: CrmModuleOne_product_id_seq; Type: SEQUENCE SET; Schema: public; Owner: new_crmuser
--

SELECT pg_catalog.setval('public."CrmModuleOne_product_id_seq"', 1, false);


--
-- Name: CrmModuleOne_product_required_documents_id_seq; Type: SEQUENCE SET; Schema: public; Owner: new_crmuser
--

SELECT pg_catalog.setval('public."CrmModuleOne_product_required_documents_id_seq"', 1, false);


--
-- Name: CrmModuleOne_productattribute_id_seq; Type: SEQUENCE SET; Schema: public; Owner: new_crmuser
--

SELECT pg_catalog.setval('public."CrmModuleOne_productattribute_id_seq"', 1, false);


--
-- Name: CrmModuleOne_productcategory_id_seq; Type: SEQUENCE SET; Schema: public; Owner: new_crmuser
--

SELECT pg_catalog.setval('public."CrmModuleOne_productcategory_id_seq"', 1, false);


--
-- Name: CrmModuleOne_productconfiguration_id_seq; Type: SEQUENCE SET; Schema: public; Owner: new_crmuser
--

SELECT pg_catalog.setval('public."CrmModuleOne_productconfiguration_id_seq"', 1, false);


--
-- Name: CrmModuleOne_productdocumentrequirement_id_seq; Type: SEQUENCE SET; Schema: public; Owner: new_crmuser
--

SELECT pg_catalog.setval('public."CrmModuleOne_productdocumentrequirement_id_seq"', 1, false);


--
-- Name: CrmModuleOne_profile_id_seq; Type: SEQUENCE SET; Schema: public; Owner: new_crmuser
--

SELECT pg_catalog.setval('public."CrmModuleOne_profile_id_seq"', 1, false);


--
-- Name: CrmModuleOne_subsidyoption_id_seq; Type: SEQUENCE SET; Schema: public; Owner: new_crmuser
--

SELECT pg_catalog.setval('public."CrmModuleOne_subsidyoption_id_seq"', 1, false);


--
-- Name: CrmModuleOne_subsidyproductcriteria_id_seq; Type: SEQUENCE SET; Schema: public; Owner: new_crmuser
--

SELECT pg_catalog.setval('public."CrmModuleOne_subsidyproductcriteria_id_seq"', 1, false);


--
-- Name: CrmModuleOne_subsidyprogram_id_seq; Type: SEQUENCE SET; Schema: public; Owner: new_crmuser
--

SELECT pg_catalog.setval('public."CrmModuleOne_subsidyprogram_id_seq"', 1, false);


--
-- Name: CrmModuleOne_task_id_seq; Type: SEQUENCE SET; Schema: public; Owner: new_crmuser
--

SELECT pg_catalog.setval('public."CrmModuleOne_task_id_seq"', 1, true);


--
-- Name: auth_group_id_seq; Type: SEQUENCE SET; Schema: public; Owner: new_crmuser
--

SELECT pg_catalog.setval('public.auth_group_id_seq', 2, true);


--
-- Name: auth_group_permissions_id_seq; Type: SEQUENCE SET; Schema: public; Owner: new_crmuser
--

SELECT pg_catalog.setval('public.auth_group_permissions_id_seq', 1, false);


--
-- Name: auth_permission_id_seq; Type: SEQUENCE SET; Schema: public; Owner: new_crmuser
--

SELECT pg_catalog.setval('public.auth_permission_id_seq', 128, true);


--
-- Name: auth_user_groups_id_seq; Type: SEQUENCE SET; Schema: public; Owner: new_crmuser
--

SELECT pg_catalog.setval('public.auth_user_groups_id_seq', 9, true);


--
-- Name: auth_user_id_seq; Type: SEQUENCE SET; Schema: public; Owner: new_crmuser
--

SELECT pg_catalog.setval('public.auth_user_id_seq', 5, true);


--
-- Name: auth_user_user_permissions_id_seq; Type: SEQUENCE SET; Schema: public; Owner: new_crmuser
--

SELECT pg_catalog.setval('public.auth_user_user_permissions_id_seq', 560, true);


--
-- Name: django_admin_log_id_seq; Type: SEQUENCE SET; Schema: public; Owner: new_crmuser
--

SELECT pg_catalog.setval('public.django_admin_log_id_seq', 495, true);


--
-- Name: django_content_type_id_seq; Type: SEQUENCE SET; Schema: public; Owner: new_crmuser
--

SELECT pg_catalog.setval('public.django_content_type_id_seq', 32, true);


--
-- Name: django_migrations_id_seq; Type: SEQUENCE SET; Schema: public; Owner: new_crmuser
--

SELECT pg_catalog.setval('public.django_migrations_id_seq', 37, true);


--
-- Name: easy_thumbnails_source_id_seq; Type: SEQUENCE SET; Schema: public; Owner: new_crmuser
--

SELECT pg_catalog.setval('public.easy_thumbnails_source_id_seq', 1, false);


--
-- Name: easy_thumbnails_thumbnail_id_seq; Type: SEQUENCE SET; Schema: public; Owner: new_crmuser
--

SELECT pg_catalog.setval('public.easy_thumbnails_thumbnail_id_seq', 1, false);


--
-- Name: easy_thumbnails_thumbnaildimensions_id_seq; Type: SEQUENCE SET; Schema: public; Owner: new_crmuser
--

SELECT pg_catalog.setval('public.easy_thumbnails_thumbnaildimensions_id_seq', 1, false);


--
-- Name: CrmModuleOne_activitylog CrmModuleOne_activitylog_pkey; Type: CONSTRAINT; Schema: public; Owner: new_crmuser
--

ALTER TABLE ONLY public."CrmModuleOne_activitylog"
    ADD CONSTRAINT "CrmModuleOne_activitylog_pkey" PRIMARY KEY (id);


--
-- Name: CrmModuleOne_client CrmModuleOne_client_agreement_number_key; Type: CONSTRAINT; Schema: public; Owner: new_crmuser
--

ALTER TABLE ONLY public."CrmModuleOne_client"
    ADD CONSTRAINT "CrmModuleOne_client_agreement_number_key" UNIQUE (agreement_number);


--
-- Name: CrmModuleOne_client CrmModuleOne_client_final_offer_id_key; Type: CONSTRAINT; Schema: public; Owner: new_crmuser
--

ALTER TABLE ONLY public."CrmModuleOne_client"
    ADD CONSTRAINT "CrmModuleOne_client_final_offer_id_key" UNIQUE (final_offer_id);


--
-- Name: CrmModuleOne_client CrmModuleOne_client_pkey; Type: CONSTRAINT; Schema: public; Owner: new_crmuser
--

ALTER TABLE ONLY public."CrmModuleOne_client"
    ADD CONSTRAINT "CrmModuleOne_client_pkey" PRIMARY KEY (id);


--
-- Name: CrmModuleOne_client CrmModuleOne_client_unique_id_key; Type: CONSTRAINT; Schema: public; Owner: new_crmuser
--

ALTER TABLE ONLY public."CrmModuleOne_client"
    ADD CONSTRAINT "CrmModuleOne_client_unique_id_key" UNIQUE (unique_id);


--
-- Name: CrmModuleOne_clientfile CrmModuleOne_clientfile_pkey; Type: CONSTRAINT; Schema: public; Owner: new_crmuser
--

ALTER TABLE ONLY public."CrmModuleOne_clientfile"
    ADD CONSTRAINT "CrmModuleOne_clientfile_pkey" PRIMARY KEY (id);


--
-- Name: CrmModuleOne_documenttemplate CrmModuleOne_documenttemplate_pkey; Type: CONSTRAINT; Schema: public; Owner: new_crmuser
--

ALTER TABLE ONLY public."CrmModuleOne_documenttemplate"
    ADD CONSTRAINT "CrmModuleOne_documenttemplate_pkey" PRIMARY KEY (id);


--
-- Name: CrmModuleOne_informationpost_acknowledged_by CrmModuleOne_information_informationpost_id_user__58aed115_uniq; Type: CONSTRAINT; Schema: public; Owner: new_crmuser
--

ALTER TABLE ONLY public."CrmModuleOne_informationpost_acknowledged_by"
    ADD CONSTRAINT "CrmModuleOne_information_informationpost_id_user__58aed115_uniq" UNIQUE (informationpost_id, user_id);


--
-- Name: CrmModuleOne_informationpost_acknowledged_by CrmModuleOne_informationpost_acknowledged_by_pkey; Type: CONSTRAINT; Schema: public; Owner: new_crmuser
--

ALTER TABLE ONLY public."CrmModuleOne_informationpost_acknowledged_by"
    ADD CONSTRAINT "CrmModuleOne_informationpost_acknowledged_by_pkey" PRIMARY KEY (id);


--
-- Name: CrmModuleOne_informationpost CrmModuleOne_informationpost_pkey; Type: CONSTRAINT; Schema: public; Owner: new_crmuser
--

ALTER TABLE ONLY public."CrmModuleOne_informationpost"
    ADD CONSTRAINT "CrmModuleOne_informationpost_pkey" PRIMARY KEY (id);


--
-- Name: CrmModuleOne_meeting CrmModuleOne_meeting_pkey; Type: CONSTRAINT; Schema: public; Owner: new_crmuser
--

ALTER TABLE ONLY public."CrmModuleOne_meeting"
    ADD CONSTRAINT "CrmModuleOne_meeting_pkey" PRIMARY KEY (id);


--
-- Name: CrmModuleOne_note CrmModuleOne_note_pkey; Type: CONSTRAINT; Schema: public; Owner: new_crmuser
--

ALTER TABLE ONLY public."CrmModuleOne_note"
    ADD CONSTRAINT "CrmModuleOne_note_pkey" PRIMARY KEY (id);


--
-- Name: CrmModuleOne_notification CrmModuleOne_notification_pkey; Type: CONSTRAINT; Schema: public; Owner: new_crmuser
--

ALTER TABLE ONLY public."CrmModuleOne_notification"
    ADD CONSTRAINT "CrmModuleOne_notification_pkey" PRIMARY KEY (id);


--
-- Name: CrmModuleOne_offer CrmModuleOne_offer_pkey; Type: CONSTRAINT; Schema: public; Owner: new_crmuser
--

ALTER TABLE ONLY public."CrmModuleOne_offer"
    ADD CONSTRAINT "CrmModuleOne_offer_pkey" PRIMARY KEY (id);


--
-- Name: CrmModuleOne_offerproduct_required_documents CrmModuleOne_offerproduc_offerproduct_id_document_56f9cf48_uniq; Type: CONSTRAINT; Schema: public; Owner: new_crmuser
--

ALTER TABLE ONLY public."CrmModuleOne_offerproduct_required_documents"
    ADD CONSTRAINT "CrmModuleOne_offerproduc_offerproduct_id_document_56f9cf48_uniq" UNIQUE (offerproduct_id, documenttemplate_id);


--
-- Name: CrmModuleOne_offerproduct CrmModuleOne_offerproduct_pkey; Type: CONSTRAINT; Schema: public; Owner: new_crmuser
--

ALTER TABLE ONLY public."CrmModuleOne_offerproduct"
    ADD CONSTRAINT "CrmModuleOne_offerproduct_pkey" PRIMARY KEY (id);


--
-- Name: CrmModuleOne_offerproduct_required_documents CrmModuleOne_offerproduct_required_documents_pkey; Type: CONSTRAINT; Schema: public; Owner: new_crmuser
--

ALTER TABLE ONLY public."CrmModuleOne_offerproduct_required_documents"
    ADD CONSTRAINT "CrmModuleOne_offerproduct_required_documents_pkey" PRIMARY KEY (id);


--
-- Name: CrmModuleOne_parcel CrmModuleOne_parcel_pkey; Type: CONSTRAINT; Schema: public; Owner: new_crmuser
--

ALTER TABLE ONLY public."CrmModuleOne_parcel"
    ADD CONSTRAINT "CrmModuleOne_parcel_pkey" PRIMARY KEY (id);


--
-- Name: CrmModuleOne_payment CrmModuleOne_payment_pkey; Type: CONSTRAINT; Schema: public; Owner: new_crmuser
--

ALTER TABLE ONLY public."CrmModuleOne_payment"
    ADD CONSTRAINT "CrmModuleOne_payment_pkey" PRIMARY KEY (id);


--
-- Name: CrmModuleOne_prelead CrmModuleOne_prelead_pkey; Type: CONSTRAINT; Schema: public; Owner: new_crmuser
--

ALTER TABLE ONLY public."CrmModuleOne_prelead"
    ADD CONSTRAINT "CrmModuleOne_prelead_pkey" PRIMARY KEY (id);


--
-- Name: CrmModuleOne_product CrmModuleOne_product_pkey; Type: CONSTRAINT; Schema: public; Owner: new_crmuser
--

ALTER TABLE ONLY public."CrmModuleOne_product"
    ADD CONSTRAINT "CrmModuleOne_product_pkey" PRIMARY KEY (id);


--
-- Name: CrmModuleOne_product_required_documents CrmModuleOne_product_req_product_id_documenttempl_1736bbad_uniq; Type: CONSTRAINT; Schema: public; Owner: new_crmuser
--

ALTER TABLE ONLY public."CrmModuleOne_product_required_documents"
    ADD CONSTRAINT "CrmModuleOne_product_req_product_id_documenttempl_1736bbad_uniq" UNIQUE (product_id, documenttemplate_id);


--
-- Name: CrmModuleOne_product_required_documents CrmModuleOne_product_required_documents_pkey; Type: CONSTRAINT; Schema: public; Owner: new_crmuser
--

ALTER TABLE ONLY public."CrmModuleOne_product_required_documents"
    ADD CONSTRAINT "CrmModuleOne_product_required_documents_pkey" PRIMARY KEY (id);


--
-- Name: CrmModuleOne_productattribute CrmModuleOne_productattribute_pkey; Type: CONSTRAINT; Schema: public; Owner: new_crmuser
--

ALTER TABLE ONLY public."CrmModuleOne_productattribute"
    ADD CONSTRAINT "CrmModuleOne_productattribute_pkey" PRIMARY KEY (id);


--
-- Name: CrmModuleOne_productcategory CrmModuleOne_productcategory_pkey; Type: CONSTRAINT; Schema: public; Owner: new_crmuser
--

ALTER TABLE ONLY public."CrmModuleOne_productcategory"
    ADD CONSTRAINT "CrmModuleOne_productcategory_pkey" PRIMARY KEY (id);


--
-- Name: CrmModuleOne_productconfiguration CrmModuleOne_productconfiguration_pkey; Type: CONSTRAINT; Schema: public; Owner: new_crmuser
--

ALTER TABLE ONLY public."CrmModuleOne_productconfiguration"
    ADD CONSTRAINT "CrmModuleOne_productconfiguration_pkey" PRIMARY KEY (id);


--
-- Name: CrmModuleOne_productdocumentrequirement CrmModuleOne_productdocu_product_id_document_id_1229e256_uniq; Type: CONSTRAINT; Schema: public; Owner: new_crmuser
--

ALTER TABLE ONLY public."CrmModuleOne_productdocumentrequirement"
    ADD CONSTRAINT "CrmModuleOne_productdocu_product_id_document_id_1229e256_uniq" UNIQUE (product_id, document_id);


--
-- Name: CrmModuleOne_productdocumentrequirement CrmModuleOne_productdocumentrequirement_pkey; Type: CONSTRAINT; Schema: public; Owner: new_crmuser
--

ALTER TABLE ONLY public."CrmModuleOne_productdocumentrequirement"
    ADD CONSTRAINT "CrmModuleOne_productdocumentrequirement_pkey" PRIMARY KEY (id);


--
-- Name: CrmModuleOne_profile CrmModuleOne_profile_pkey; Type: CONSTRAINT; Schema: public; Owner: new_crmuser
--

ALTER TABLE ONLY public."CrmModuleOne_profile"
    ADD CONSTRAINT "CrmModuleOne_profile_pkey" PRIMARY KEY (id);


--
-- Name: CrmModuleOne_profile CrmModuleOne_profile_user_id_key; Type: CONSTRAINT; Schema: public; Owner: new_crmuser
--

ALTER TABLE ONLY public."CrmModuleOne_profile"
    ADD CONSTRAINT "CrmModuleOne_profile_user_id_key" UNIQUE (user_id);


--
-- Name: CrmModuleOne_subsidyoption CrmModuleOne_subsidyoption_pkey; Type: CONSTRAINT; Schema: public; Owner: new_crmuser
--

ALTER TABLE ONLY public."CrmModuleOne_subsidyoption"
    ADD CONSTRAINT "CrmModuleOne_subsidyoption_pkey" PRIMARY KEY (id);


--
-- Name: CrmModuleOne_subsidyproductcriteria CrmModuleOne_subsidyproductcriteria_pkey; Type: CONSTRAINT; Schema: public; Owner: new_crmuser
--

ALTER TABLE ONLY public."CrmModuleOne_subsidyproductcriteria"
    ADD CONSTRAINT "CrmModuleOne_subsidyproductcriteria_pkey" PRIMARY KEY (id);


--
-- Name: CrmModuleOne_subsidyprogram CrmModuleOne_subsidyprogram_pkey; Type: CONSTRAINT; Schema: public; Owner: new_crmuser
--

ALTER TABLE ONLY public."CrmModuleOne_subsidyprogram"
    ADD CONSTRAINT "CrmModuleOne_subsidyprogram_pkey" PRIMARY KEY (id);


--
-- Name: CrmModuleOne_task CrmModuleOne_task_pkey; Type: CONSTRAINT; Schema: public; Owner: new_crmuser
--

ALTER TABLE ONLY public."CrmModuleOne_task"
    ADD CONSTRAINT "CrmModuleOne_task_pkey" PRIMARY KEY (id);


--
-- Name: auth_group auth_group_name_key; Type: CONSTRAINT; Schema: public; Owner: new_crmuser
--

ALTER TABLE ONLY public.auth_group
    ADD CONSTRAINT auth_group_name_key UNIQUE (name);


--
-- Name: auth_group_permissions auth_group_permissions_group_id_permission_id_0cd325b0_uniq; Type: CONSTRAINT; Schema: public; Owner: new_crmuser
--

ALTER TABLE ONLY public.auth_group_permissions
    ADD CONSTRAINT auth_group_permissions_group_id_permission_id_0cd325b0_uniq UNIQUE (group_id, permission_id);


--
-- Name: auth_group_permissions auth_group_permissions_pkey; Type: CONSTRAINT; Schema: public; Owner: new_crmuser
--

ALTER TABLE ONLY public.auth_group_permissions
    ADD CONSTRAINT auth_group_permissions_pkey PRIMARY KEY (id);


--
-- Name: auth_group auth_group_pkey; Type: CONSTRAINT; Schema: public; Owner: new_crmuser
--

ALTER TABLE ONLY public.auth_group
    ADD CONSTRAINT auth_group_pkey PRIMARY KEY (id);


--
-- Name: auth_permission auth_permission_content_type_id_codename_01ab375a_uniq; Type: CONSTRAINT; Schema: public; Owner: new_crmuser
--

ALTER TABLE ONLY public.auth_permission
    ADD CONSTRAINT auth_permission_content_type_id_codename_01ab375a_uniq UNIQUE (content_type_id, codename);


--
-- Name: auth_permission auth_permission_pkey; Type: CONSTRAINT; Schema: public; Owner: new_crmuser
--

ALTER TABLE ONLY public.auth_permission
    ADD CONSTRAINT auth_permission_pkey PRIMARY KEY (id);


--
-- Name: auth_user_groups auth_user_groups_pkey; Type: CONSTRAINT; Schema: public; Owner: new_crmuser
--

ALTER TABLE ONLY public.auth_user_groups
    ADD CONSTRAINT auth_user_groups_pkey PRIMARY KEY (id);


--
-- Name: auth_user_groups auth_user_groups_user_id_group_id_94350c0c_uniq; Type: CONSTRAINT; Schema: public; Owner: new_crmuser
--

ALTER TABLE ONLY public.auth_user_groups
    ADD CONSTRAINT auth_user_groups_user_id_group_id_94350c0c_uniq UNIQUE (user_id, group_id);


--
-- Name: auth_user auth_user_pkey; Type: CONSTRAINT; Schema: public; Owner: new_crmuser
--

ALTER TABLE ONLY public.auth_user
    ADD CONSTRAINT auth_user_pkey PRIMARY KEY (id);


--
-- Name: auth_user_user_permissions auth_user_user_permissions_pkey; Type: CONSTRAINT; Schema: public; Owner: new_crmuser
--

ALTER TABLE ONLY public.auth_user_user_permissions
    ADD CONSTRAINT auth_user_user_permissions_pkey PRIMARY KEY (id);


--
-- Name: auth_user_user_permissions auth_user_user_permissions_user_id_permission_id_14a6b632_uniq; Type: CONSTRAINT; Schema: public; Owner: new_crmuser
--

ALTER TABLE ONLY public.auth_user_user_permissions
    ADD CONSTRAINT auth_user_user_permissions_user_id_permission_id_14a6b632_uniq UNIQUE (user_id, permission_id);


--
-- Name: auth_user auth_user_username_key; Type: CONSTRAINT; Schema: public; Owner: new_crmuser
--

ALTER TABLE ONLY public.auth_user
    ADD CONSTRAINT auth_user_username_key UNIQUE (username);


--
-- Name: django_admin_log django_admin_log_pkey; Type: CONSTRAINT; Schema: public; Owner: new_crmuser
--

ALTER TABLE ONLY public.django_admin_log
    ADD CONSTRAINT django_admin_log_pkey PRIMARY KEY (id);


--
-- Name: django_content_type django_content_type_app_label_model_76bd3d3b_uniq; Type: CONSTRAINT; Schema: public; Owner: new_crmuser
--

ALTER TABLE ONLY public.django_content_type
    ADD CONSTRAINT django_content_type_app_label_model_76bd3d3b_uniq UNIQUE (app_label, model);


--
-- Name: django_content_type django_content_type_pkey; Type: CONSTRAINT; Schema: public; Owner: new_crmuser
--

ALTER TABLE ONLY public.django_content_type
    ADD CONSTRAINT django_content_type_pkey PRIMARY KEY (id);


--
-- Name: django_migrations django_migrations_pkey; Type: CONSTRAINT; Schema: public; Owner: new_crmuser
--

ALTER TABLE ONLY public.django_migrations
    ADD CONSTRAINT django_migrations_pkey PRIMARY KEY (id);


--
-- Name: django_session django_session_pkey; Type: CONSTRAINT; Schema: public; Owner: new_crmuser
--

ALTER TABLE ONLY public.django_session
    ADD CONSTRAINT django_session_pkey PRIMARY KEY (session_key);


--
-- Name: easy_thumbnails_source easy_thumbnails_source_pkey; Type: CONSTRAINT; Schema: public; Owner: new_crmuser
--

ALTER TABLE ONLY public.easy_thumbnails_source
    ADD CONSTRAINT easy_thumbnails_source_pkey PRIMARY KEY (id);


--
-- Name: easy_thumbnails_source easy_thumbnails_source_storage_hash_name_481ce32d_uniq; Type: CONSTRAINT; Schema: public; Owner: new_crmuser
--

ALTER TABLE ONLY public.easy_thumbnails_source
    ADD CONSTRAINT easy_thumbnails_source_storage_hash_name_481ce32d_uniq UNIQUE (storage_hash, name);


--
-- Name: easy_thumbnails_thumbnail easy_thumbnails_thumbnai_storage_hash_name_source_fb375270_uniq; Type: CONSTRAINT; Schema: public; Owner: new_crmuser
--

ALTER TABLE ONLY public.easy_thumbnails_thumbnail
    ADD CONSTRAINT easy_thumbnails_thumbnai_storage_hash_name_source_fb375270_uniq UNIQUE (storage_hash, name, source_id);


--
-- Name: easy_thumbnails_thumbnail easy_thumbnails_thumbnail_pkey; Type: CONSTRAINT; Schema: public; Owner: new_crmuser
--

ALTER TABLE ONLY public.easy_thumbnails_thumbnail
    ADD CONSTRAINT easy_thumbnails_thumbnail_pkey PRIMARY KEY (id);


--
-- Name: easy_thumbnails_thumbnaildimensions easy_thumbnails_thumbnaildimensions_pkey; Type: CONSTRAINT; Schema: public; Owner: new_crmuser
--

ALTER TABLE ONLY public.easy_thumbnails_thumbnaildimensions
    ADD CONSTRAINT easy_thumbnails_thumbnaildimensions_pkey PRIMARY KEY (id);


--
-- Name: easy_thumbnails_thumbnaildimensions easy_thumbnails_thumbnaildimensions_thumbnail_id_key; Type: CONSTRAINT; Schema: public; Owner: new_crmuser
--

ALTER TABLE ONLY public.easy_thumbnails_thumbnaildimensions
    ADD CONSTRAINT easy_thumbnails_thumbnaildimensions_thumbnail_id_key UNIQUE (thumbnail_id);


--
-- Name: CrmModuleOne_activitylog_client_id_72d414ae; Type: INDEX; Schema: public; Owner: new_crmuser
--

CREATE INDEX "CrmModuleOne_activitylog_client_id_72d414ae" ON public."CrmModuleOne_activitylog" USING btree (client_id);


--
-- Name: CrmModuleOne_activitylog_user_id_e750b5eb; Type: INDEX; Schema: public; Owner: new_crmuser
--

CREATE INDEX "CrmModuleOne_activitylog_user_id_e750b5eb" ON public."CrmModuleOne_activitylog" USING btree (user_id);


--
-- Name: CrmModuleOne_client_agreement_number_80948aa8_like; Type: INDEX; Schema: public; Owner: new_crmuser
--

CREATE INDEX "CrmModuleOne_client_agreement_number_80948aa8_like" ON public."CrmModuleOne_client" USING btree (agreement_number varchar_pattern_ops);


--
-- Name: CrmModuleOne_client_modified_by_id_a1c50198; Type: INDEX; Schema: public; Owner: new_crmuser
--

CREATE INDEX "CrmModuleOne_client_modified_by_id_a1c50198" ON public."CrmModuleOne_client" USING btree (modified_by_id);


--
-- Name: CrmModuleOne_client_user_id_2bb61345; Type: INDEX; Schema: public; Owner: new_crmuser
--

CREATE INDEX "CrmModuleOne_client_user_id_2bb61345" ON public."CrmModuleOne_client" USING btree (user_id);


--
-- Name: CrmModuleOne_clientfile_author_id_49fb2aaa; Type: INDEX; Schema: public; Owner: new_crmuser
--

CREATE INDEX "CrmModuleOne_clientfile_author_id_49fb2aaa" ON public."CrmModuleOne_clientfile" USING btree (author_id);


--
-- Name: CrmModuleOne_clientfile_client_id_0761d51f; Type: INDEX; Schema: public; Owner: new_crmuser
--

CREATE INDEX "CrmModuleOne_clientfile_client_id_0761d51f" ON public."CrmModuleOne_clientfile" USING btree (client_id);


--
-- Name: CrmModuleOne_clientfile_offer_id_ce973bce; Type: INDEX; Schema: public; Owner: new_crmuser
--

CREATE INDEX "CrmModuleOne_clientfile_offer_id_ce973bce" ON public."CrmModuleOne_clientfile" USING btree (offer_id);


--
-- Name: CrmModuleOne_informationpo_informationpost_id_b8c554b7; Type: INDEX; Schema: public; Owner: new_crmuser
--

CREATE INDEX "CrmModuleOne_informationpo_informationpost_id_b8c554b7" ON public."CrmModuleOne_informationpost_acknowledged_by" USING btree (informationpost_id);


--
-- Name: CrmModuleOne_informationpost_acknowledged_by_user_id_0904ddaf; Type: INDEX; Schema: public; Owner: new_crmuser
--

CREATE INDEX "CrmModuleOne_informationpost_acknowledged_by_user_id_0904ddaf" ON public."CrmModuleOne_informationpost_acknowledged_by" USING btree (user_id);


--
-- Name: CrmModuleOne_informationpost_author_id_be3d4388; Type: INDEX; Schema: public; Owner: new_crmuser
--

CREATE INDEX "CrmModuleOne_informationpost_author_id_be3d4388" ON public."CrmModuleOne_informationpost" USING btree (author_id);


--
-- Name: CrmModuleOne_meeting_author_id_bf4493c6; Type: INDEX; Schema: public; Owner: new_crmuser
--

CREATE INDEX "CrmModuleOne_meeting_author_id_bf4493c6" ON public."CrmModuleOne_meeting" USING btree (author_id);


--
-- Name: CrmModuleOne_meeting_client_id_d090f22c; Type: INDEX; Schema: public; Owner: new_crmuser
--

CREATE INDEX "CrmModuleOne_meeting_client_id_d090f22c" ON public."CrmModuleOne_meeting" USING btree (client_id);


--
-- Name: CrmModuleOne_note_author_id_866a61b9; Type: INDEX; Schema: public; Owner: new_crmuser
--

CREATE INDEX "CrmModuleOne_note_author_id_866a61b9" ON public."CrmModuleOne_note" USING btree (author_id);


--
-- Name: CrmModuleOne_note_client_id_b846eede; Type: INDEX; Schema: public; Owner: new_crmuser
--

CREATE INDEX "CrmModuleOne_note_client_id_b846eede" ON public."CrmModuleOne_note" USING btree (client_id);


--
-- Name: CrmModuleOne_notification_recipient_id_ce3ceffe; Type: INDEX; Schema: public; Owner: new_crmuser
--

CREATE INDEX "CrmModuleOne_notification_recipient_id_ce3ceffe" ON public."CrmModuleOne_notification" USING btree (recipient_id);


--
-- Name: CrmModuleOne_notification_user_id_f4517173; Type: INDEX; Schema: public; Owner: new_crmuser
--

CREATE INDEX "CrmModuleOne_notification_user_id_f4517173" ON public."CrmModuleOne_notification" USING btree (user_id);


--
-- Name: CrmModuleOne_offer_client_id_4945af9f; Type: INDEX; Schema: public; Owner: new_crmuser
--

CREATE INDEX "CrmModuleOne_offer_client_id_4945af9f" ON public."CrmModuleOne_offer" USING btree (client_id);


--
-- Name: CrmModuleOne_offerproduct__documenttemplate_id_a07d21c7; Type: INDEX; Schema: public; Owner: new_crmuser
--

CREATE INDEX "CrmModuleOne_offerproduct__documenttemplate_id_a07d21c7" ON public."CrmModuleOne_offerproduct_required_documents" USING btree (documenttemplate_id);


--
-- Name: CrmModuleOne_offerproduct__offerproduct_id_3aad9277; Type: INDEX; Schema: public; Owner: new_crmuser
--

CREATE INDEX "CrmModuleOne_offerproduct__offerproduct_id_3aad9277" ON public."CrmModuleOne_offerproduct_required_documents" USING btree (offerproduct_id);


--
-- Name: CrmModuleOne_offerproduct_offer_id_a7fed25f; Type: INDEX; Schema: public; Owner: new_crmuser
--

CREATE INDEX "CrmModuleOne_offerproduct_offer_id_a7fed25f" ON public."CrmModuleOne_offerproduct" USING btree (offer_id);


--
-- Name: CrmModuleOne_offerproduct_product_id_dce73bf1; Type: INDEX; Schema: public; Owner: new_crmuser
--

CREATE INDEX "CrmModuleOne_offerproduct_product_id_dce73bf1" ON public."CrmModuleOne_offerproduct" USING btree (product_id);


--
-- Name: CrmModuleOne_parcel_prelead_id_8345a2b4; Type: INDEX; Schema: public; Owner: new_crmuser
--

CREATE INDEX "CrmModuleOne_parcel_prelead_id_8345a2b4" ON public."CrmModuleOne_parcel" USING btree (lead_id);


--
-- Name: CrmModuleOne_payment_client_id_1b8e76a0; Type: INDEX; Schema: public; Owner: new_crmuser
--

CREATE INDEX "CrmModuleOne_payment_client_id_1b8e76a0" ON public."CrmModuleOne_payment" USING btree (client_id);


--
-- Name: CrmModuleOne_payment_invoice_file_id_87c1f847; Type: INDEX; Schema: public; Owner: new_crmuser
--

CREATE INDEX "CrmModuleOne_payment_invoice_file_id_87c1f847" ON public."CrmModuleOne_payment" USING btree (invoice_file_id);


--
-- Name: CrmModuleOne_prelead_user_id_05eaa4a3; Type: INDEX; Schema: public; Owner: new_crmuser
--

CREATE INDEX "CrmModuleOne_prelead_user_id_05eaa4a3" ON public."CrmModuleOne_prelead" USING btree (user_id);


--
-- Name: CrmModuleOne_product_category_id_941af14c; Type: INDEX; Schema: public; Owner: new_crmuser
--

CREATE INDEX "CrmModuleOne_product_category_id_941af14c" ON public."CrmModuleOne_product" USING btree (category_id);


--
-- Name: CrmModuleOne_product_requi_documenttemplate_id_51d64ddf; Type: INDEX; Schema: public; Owner: new_crmuser
--

CREATE INDEX "CrmModuleOne_product_requi_documenttemplate_id_51d64ddf" ON public."CrmModuleOne_product_required_documents" USING btree (documenttemplate_id);


--
-- Name: CrmModuleOne_product_required_documents_product_id_ed3fde89; Type: INDEX; Schema: public; Owner: new_crmuser
--

CREATE INDEX "CrmModuleOne_product_required_documents_product_id_ed3fde89" ON public."CrmModuleOne_product_required_documents" USING btree (product_id);


--
-- Name: CrmModuleOne_productattribute_product_id_a7d3a54e; Type: INDEX; Schema: public; Owner: new_crmuser
--

CREATE INDEX "CrmModuleOne_productattribute_product_id_a7d3a54e" ON public."CrmModuleOne_productattribute" USING btree (product_id);


--
-- Name: CrmModuleOne_productconfiguration_product_id_13513b3d; Type: INDEX; Schema: public; Owner: new_crmuser
--

CREATE INDEX "CrmModuleOne_productconfiguration_product_id_13513b3d" ON public."CrmModuleOne_productconfiguration" USING btree (product_id);


--
-- Name: CrmModuleOne_productdocumentrequirement_document_id_65eaa208; Type: INDEX; Schema: public; Owner: new_crmuser
--

CREATE INDEX "CrmModuleOne_productdocumentrequirement_document_id_65eaa208" ON public."CrmModuleOne_productdocumentrequirement" USING btree (document_id);


--
-- Name: CrmModuleOne_productdocumentrequirement_product_id_6af0200f; Type: INDEX; Schema: public; Owner: new_crmuser
--

CREATE INDEX "CrmModuleOne_productdocumentrequirement_product_id_6af0200f" ON public."CrmModuleOne_productdocumentrequirement" USING btree (product_id);


--
-- Name: CrmModuleOne_subsidyoption_program_id_823328a8; Type: INDEX; Schema: public; Owner: new_crmuser
--

CREATE INDEX "CrmModuleOne_subsidyoption_program_id_823328a8" ON public."CrmModuleOne_subsidyoption" USING btree (program_id);


--
-- Name: CrmModuleOne_subsidyproductcriteria_option_id_ff56ae2b; Type: INDEX; Schema: public; Owner: new_crmuser
--

CREATE INDEX "CrmModuleOne_subsidyproductcriteria_option_id_ff56ae2b" ON public."CrmModuleOne_subsidyproductcriteria" USING btree (option_id);


--
-- Name: CrmModuleOne_subsidyproductcriteria_product_id_dc6a5995; Type: INDEX; Schema: public; Owner: new_crmuser
--

CREATE INDEX "CrmModuleOne_subsidyproductcriteria_product_id_dc6a5995" ON public."CrmModuleOne_subsidyproductcriteria" USING btree (product_id);


--
-- Name: CrmModuleOne_task_author_id_c158bcb8; Type: INDEX; Schema: public; Owner: new_crmuser
--

CREATE INDEX "CrmModuleOne_task_author_id_c158bcb8" ON public."CrmModuleOne_task" USING btree (author_id);


--
-- Name: CrmModuleOne_task_client_id_c07bedf5; Type: INDEX; Schema: public; Owner: new_crmuser
--

CREATE INDEX "CrmModuleOne_task_client_id_c07bedf5" ON public."CrmModuleOne_task" USING btree (client_id);


--
-- Name: auth_group_name_a6ea08ec_like; Type: INDEX; Schema: public; Owner: new_crmuser
--

CREATE INDEX auth_group_name_a6ea08ec_like ON public.auth_group USING btree (name varchar_pattern_ops);


--
-- Name: auth_group_permissions_group_id_b120cbf9; Type: INDEX; Schema: public; Owner: new_crmuser
--

CREATE INDEX auth_group_permissions_group_id_b120cbf9 ON public.auth_group_permissions USING btree (group_id);


--
-- Name: auth_group_permissions_permission_id_84c5c92e; Type: INDEX; Schema: public; Owner: new_crmuser
--

CREATE INDEX auth_group_permissions_permission_id_84c5c92e ON public.auth_group_permissions USING btree (permission_id);


--
-- Name: auth_permission_content_type_id_2f476e4b; Type: INDEX; Schema: public; Owner: new_crmuser
--

CREATE INDEX auth_permission_content_type_id_2f476e4b ON public.auth_permission USING btree (content_type_id);


--
-- Name: auth_user_groups_group_id_97559544; Type: INDEX; Schema: public; Owner: new_crmuser
--

CREATE INDEX auth_user_groups_group_id_97559544 ON public.auth_user_groups USING btree (group_id);


--
-- Name: auth_user_groups_user_id_6a12ed8b; Type: INDEX; Schema: public; Owner: new_crmuser
--

CREATE INDEX auth_user_groups_user_id_6a12ed8b ON public.auth_user_groups USING btree (user_id);


--
-- Name: auth_user_user_permissions_permission_id_1fbb5f2c; Type: INDEX; Schema: public; Owner: new_crmuser
--

CREATE INDEX auth_user_user_permissions_permission_id_1fbb5f2c ON public.auth_user_user_permissions USING btree (permission_id);


--
-- Name: auth_user_user_permissions_user_id_a95ead1b; Type: INDEX; Schema: public; Owner: new_crmuser
--

CREATE INDEX auth_user_user_permissions_user_id_a95ead1b ON public.auth_user_user_permissions USING btree (user_id);


--
-- Name: auth_user_username_6821ab7c_like; Type: INDEX; Schema: public; Owner: new_crmuser
--

CREATE INDEX auth_user_username_6821ab7c_like ON public.auth_user USING btree (username varchar_pattern_ops);


--
-- Name: django_admin_log_content_type_id_c4bce8eb; Type: INDEX; Schema: public; Owner: new_crmuser
--

CREATE INDEX django_admin_log_content_type_id_c4bce8eb ON public.django_admin_log USING btree (content_type_id);


--
-- Name: django_admin_log_user_id_c564eba6; Type: INDEX; Schema: public; Owner: new_crmuser
--

CREATE INDEX django_admin_log_user_id_c564eba6 ON public.django_admin_log USING btree (user_id);


--
-- Name: django_session_expire_date_a5c62663; Type: INDEX; Schema: public; Owner: new_crmuser
--

CREATE INDEX django_session_expire_date_a5c62663 ON public.django_session USING btree (expire_date);


--
-- Name: django_session_session_key_c0390e0f_like; Type: INDEX; Schema: public; Owner: new_crmuser
--

CREATE INDEX django_session_session_key_c0390e0f_like ON public.django_session USING btree (session_key varchar_pattern_ops);


--
-- Name: easy_thumbnails_source_name_5fe0edc6; Type: INDEX; Schema: public; Owner: new_crmuser
--

CREATE INDEX easy_thumbnails_source_name_5fe0edc6 ON public.easy_thumbnails_source USING btree (name);


--
-- Name: easy_thumbnails_source_name_5fe0edc6_like; Type: INDEX; Schema: public; Owner: new_crmuser
--

CREATE INDEX easy_thumbnails_source_name_5fe0edc6_like ON public.easy_thumbnails_source USING btree (name varchar_pattern_ops);


--
-- Name: easy_thumbnails_source_storage_hash_946cbcc9; Type: INDEX; Schema: public; Owner: new_crmuser
--

CREATE INDEX easy_thumbnails_source_storage_hash_946cbcc9 ON public.easy_thumbnails_source USING btree (storage_hash);


--
-- Name: easy_thumbnails_source_storage_hash_946cbcc9_like; Type: INDEX; Schema: public; Owner: new_crmuser
--

CREATE INDEX easy_thumbnails_source_storage_hash_946cbcc9_like ON public.easy_thumbnails_source USING btree (storage_hash varchar_pattern_ops);


--
-- Name: easy_thumbnails_thumbnail_name_b5882c31; Type: INDEX; Schema: public; Owner: new_crmuser
--

CREATE INDEX easy_thumbnails_thumbnail_name_b5882c31 ON public.easy_thumbnails_thumbnail USING btree (name);


--
-- Name: easy_thumbnails_thumbnail_name_b5882c31_like; Type: INDEX; Schema: public; Owner: new_crmuser
--

CREATE INDEX easy_thumbnails_thumbnail_name_b5882c31_like ON public.easy_thumbnails_thumbnail USING btree (name varchar_pattern_ops);


--
-- Name: easy_thumbnails_thumbnail_source_id_5b57bc77; Type: INDEX; Schema: public; Owner: new_crmuser
--

CREATE INDEX easy_thumbnails_thumbnail_source_id_5b57bc77 ON public.easy_thumbnails_thumbnail USING btree (source_id);


--
-- Name: easy_thumbnails_thumbnail_storage_hash_f1435f49; Type: INDEX; Schema: public; Owner: new_crmuser
--

CREATE INDEX easy_thumbnails_thumbnail_storage_hash_f1435f49 ON public.easy_thumbnails_thumbnail USING btree (storage_hash);


--
-- Name: easy_thumbnails_thumbnail_storage_hash_f1435f49_like; Type: INDEX; Schema: public; Owner: new_crmuser
--

CREATE INDEX easy_thumbnails_thumbnail_storage_hash_f1435f49_like ON public.easy_thumbnails_thumbnail USING btree (storage_hash varchar_pattern_ops);


--
-- Name: CrmModuleOne_activitylog CrmModuleOne_activit_client_id_72d414ae_fk_CrmModule; Type: FK CONSTRAINT; Schema: public; Owner: new_crmuser
--

ALTER TABLE ONLY public."CrmModuleOne_activitylog"
    ADD CONSTRAINT "CrmModuleOne_activit_client_id_72d414ae_fk_CrmModule" FOREIGN KEY (client_id) REFERENCES public."CrmModuleOne_client"(id) DEFERRABLE INITIALLY DEFERRED;


--
-- Name: CrmModuleOne_activitylog CrmModuleOne_activitylog_user_id_e750b5eb_fk_auth_user_id; Type: FK CONSTRAINT; Schema: public; Owner: new_crmuser
--

ALTER TABLE ONLY public."CrmModuleOne_activitylog"
    ADD CONSTRAINT "CrmModuleOne_activitylog_user_id_e750b5eb_fk_auth_user_id" FOREIGN KEY (user_id) REFERENCES public.auth_user(id) DEFERRABLE INITIALLY DEFERRED;


--
-- Name: CrmModuleOne_client CrmModuleOne_client_final_offer_id_28fbf04d_fk_CrmModule; Type: FK CONSTRAINT; Schema: public; Owner: new_crmuser
--

ALTER TABLE ONLY public."CrmModuleOne_client"
    ADD CONSTRAINT "CrmModuleOne_client_final_offer_id_28fbf04d_fk_CrmModule" FOREIGN KEY (final_offer_id) REFERENCES public."CrmModuleOne_offer"(id) DEFERRABLE INITIALLY DEFERRED;


--
-- Name: CrmModuleOne_client CrmModuleOne_client_modified_by_id_a1c50198_fk_auth_user_id; Type: FK CONSTRAINT; Schema: public; Owner: new_crmuser
--

ALTER TABLE ONLY public."CrmModuleOne_client"
    ADD CONSTRAINT "CrmModuleOne_client_modified_by_id_a1c50198_fk_auth_user_id" FOREIGN KEY (modified_by_id) REFERENCES public.auth_user(id) DEFERRABLE INITIALLY DEFERRED;


--
-- Name: CrmModuleOne_client CrmModuleOne_client_user_id_2bb61345_fk_auth_user_id; Type: FK CONSTRAINT; Schema: public; Owner: new_crmuser
--

ALTER TABLE ONLY public."CrmModuleOne_client"
    ADD CONSTRAINT "CrmModuleOne_client_user_id_2bb61345_fk_auth_user_id" FOREIGN KEY (user_id) REFERENCES public.auth_user(id) DEFERRABLE INITIALLY DEFERRED;


--
-- Name: CrmModuleOne_clientfile CrmModuleOne_clientf_client_id_0761d51f_fk_CrmModule; Type: FK CONSTRAINT; Schema: public; Owner: new_crmuser
--

ALTER TABLE ONLY public."CrmModuleOne_clientfile"
    ADD CONSTRAINT "CrmModuleOne_clientf_client_id_0761d51f_fk_CrmModule" FOREIGN KEY (client_id) REFERENCES public."CrmModuleOne_client"(id) DEFERRABLE INITIALLY DEFERRED;


--
-- Name: CrmModuleOne_clientfile CrmModuleOne_clientf_offer_id_ce973bce_fk_CrmModule; Type: FK CONSTRAINT; Schema: public; Owner: new_crmuser
--

ALTER TABLE ONLY public."CrmModuleOne_clientfile"
    ADD CONSTRAINT "CrmModuleOne_clientf_offer_id_ce973bce_fk_CrmModule" FOREIGN KEY (offer_id) REFERENCES public."CrmModuleOne_offer"(id) DEFERRABLE INITIALLY DEFERRED;


--
-- Name: CrmModuleOne_clientfile CrmModuleOne_clientfile_author_id_49fb2aaa_fk_auth_user_id; Type: FK CONSTRAINT; Schema: public; Owner: new_crmuser
--

ALTER TABLE ONLY public."CrmModuleOne_clientfile"
    ADD CONSTRAINT "CrmModuleOne_clientfile_author_id_49fb2aaa_fk_auth_user_id" FOREIGN KEY (author_id) REFERENCES public.auth_user(id) DEFERRABLE INITIALLY DEFERRED;


--
-- Name: CrmModuleOne_informationpost_acknowledged_by CrmModuleOne_informa_informationpost_id_b8c554b7_fk_CrmModule; Type: FK CONSTRAINT; Schema: public; Owner: new_crmuser
--

ALTER TABLE ONLY public."CrmModuleOne_informationpost_acknowledged_by"
    ADD CONSTRAINT "CrmModuleOne_informa_informationpost_id_b8c554b7_fk_CrmModule" FOREIGN KEY (informationpost_id) REFERENCES public."CrmModuleOne_informationpost"(id) DEFERRABLE INITIALLY DEFERRED;


--
-- Name: CrmModuleOne_informationpost_acknowledged_by CrmModuleOne_informa_user_id_0904ddaf_fk_auth_user; Type: FK CONSTRAINT; Schema: public; Owner: new_crmuser
--

ALTER TABLE ONLY public."CrmModuleOne_informationpost_acknowledged_by"
    ADD CONSTRAINT "CrmModuleOne_informa_user_id_0904ddaf_fk_auth_user" FOREIGN KEY (user_id) REFERENCES public.auth_user(id) DEFERRABLE INITIALLY DEFERRED;


--
-- Name: CrmModuleOne_informationpost CrmModuleOne_informationpost_author_id_be3d4388_fk_auth_user_id; Type: FK CONSTRAINT; Schema: public; Owner: new_crmuser
--

ALTER TABLE ONLY public."CrmModuleOne_informationpost"
    ADD CONSTRAINT "CrmModuleOne_informationpost_author_id_be3d4388_fk_auth_user_id" FOREIGN KEY (author_id) REFERENCES public.auth_user(id) DEFERRABLE INITIALLY DEFERRED;


--
-- Name: CrmModuleOne_meeting CrmModuleOne_meeting_author_id_bf4493c6_fk_auth_user_id; Type: FK CONSTRAINT; Schema: public; Owner: new_crmuser
--

ALTER TABLE ONLY public."CrmModuleOne_meeting"
    ADD CONSTRAINT "CrmModuleOne_meeting_author_id_bf4493c6_fk_auth_user_id" FOREIGN KEY (author_id) REFERENCES public.auth_user(id) DEFERRABLE INITIALLY DEFERRED;


--
-- Name: CrmModuleOne_meeting CrmModuleOne_meeting_client_id_d090f22c_fk_CrmModule; Type: FK CONSTRAINT; Schema: public; Owner: new_crmuser
--

ALTER TABLE ONLY public."CrmModuleOne_meeting"
    ADD CONSTRAINT "CrmModuleOne_meeting_client_id_d090f22c_fk_CrmModule" FOREIGN KEY (client_id) REFERENCES public."CrmModuleOne_client"(id) DEFERRABLE INITIALLY DEFERRED;


--
-- Name: CrmModuleOne_note CrmModuleOne_note_author_id_866a61b9_fk_auth_user_id; Type: FK CONSTRAINT; Schema: public; Owner: new_crmuser
--

ALTER TABLE ONLY public."CrmModuleOne_note"
    ADD CONSTRAINT "CrmModuleOne_note_author_id_866a61b9_fk_auth_user_id" FOREIGN KEY (author_id) REFERENCES public.auth_user(id) DEFERRABLE INITIALLY DEFERRED;


--
-- Name: CrmModuleOne_note CrmModuleOne_note_client_id_b846eede_fk_CrmModuleOne_client_id; Type: FK CONSTRAINT; Schema: public; Owner: new_crmuser
--

ALTER TABLE ONLY public."CrmModuleOne_note"
    ADD CONSTRAINT "CrmModuleOne_note_client_id_b846eede_fk_CrmModuleOne_client_id" FOREIGN KEY (client_id) REFERENCES public."CrmModuleOne_client"(id) DEFERRABLE INITIALLY DEFERRED;


--
-- Name: CrmModuleOne_notification CrmModuleOne_notification_recipient_id_ce3ceffe_fk_auth_user_id; Type: FK CONSTRAINT; Schema: public; Owner: new_crmuser
--

ALTER TABLE ONLY public."CrmModuleOne_notification"
    ADD CONSTRAINT "CrmModuleOne_notification_recipient_id_ce3ceffe_fk_auth_user_id" FOREIGN KEY (recipient_id) REFERENCES public.auth_user(id) DEFERRABLE INITIALLY DEFERRED;


--
-- Name: CrmModuleOne_notification CrmModuleOne_notification_user_id_f4517173_fk_auth_user_id; Type: FK CONSTRAINT; Schema: public; Owner: new_crmuser
--

ALTER TABLE ONLY public."CrmModuleOne_notification"
    ADD CONSTRAINT "CrmModuleOne_notification_user_id_f4517173_fk_auth_user_id" FOREIGN KEY (user_id) REFERENCES public.auth_user(id) DEFERRABLE INITIALLY DEFERRED;


--
-- Name: CrmModuleOne_offer CrmModuleOne_offer_client_id_4945af9f_fk_CrmModuleOne_client_id; Type: FK CONSTRAINT; Schema: public; Owner: new_crmuser
--

ALTER TABLE ONLY public."CrmModuleOne_offer"
    ADD CONSTRAINT "CrmModuleOne_offer_client_id_4945af9f_fk_CrmModuleOne_client_id" FOREIGN KEY (client_id) REFERENCES public."CrmModuleOne_client"(id) DEFERRABLE INITIALLY DEFERRED;


--
-- Name: CrmModuleOne_offerproduct_required_documents CrmModuleOne_offerpr_documenttemplate_id_a07d21c7_fk_CrmModule; Type: FK CONSTRAINT; Schema: public; Owner: new_crmuser
--

ALTER TABLE ONLY public."CrmModuleOne_offerproduct_required_documents"
    ADD CONSTRAINT "CrmModuleOne_offerpr_documenttemplate_id_a07d21c7_fk_CrmModule" FOREIGN KEY (documenttemplate_id) REFERENCES public."CrmModuleOne_documenttemplate"(id) DEFERRABLE INITIALLY DEFERRED;


--
-- Name: CrmModuleOne_offerproduct CrmModuleOne_offerpr_offer_id_a7fed25f_fk_CrmModule; Type: FK CONSTRAINT; Schema: public; Owner: new_crmuser
--

ALTER TABLE ONLY public."CrmModuleOne_offerproduct"
    ADD CONSTRAINT "CrmModuleOne_offerpr_offer_id_a7fed25f_fk_CrmModule" FOREIGN KEY (offer_id) REFERENCES public."CrmModuleOne_offer"(id) DEFERRABLE INITIALLY DEFERRED;


--
-- Name: CrmModuleOne_offerproduct_required_documents CrmModuleOne_offerpr_offerproduct_id_3aad9277_fk_CrmModule; Type: FK CONSTRAINT; Schema: public; Owner: new_crmuser
--

ALTER TABLE ONLY public."CrmModuleOne_offerproduct_required_documents"
    ADD CONSTRAINT "CrmModuleOne_offerpr_offerproduct_id_3aad9277_fk_CrmModule" FOREIGN KEY (offerproduct_id) REFERENCES public."CrmModuleOne_offerproduct"(id) DEFERRABLE INITIALLY DEFERRED;


--
-- Name: CrmModuleOne_offerproduct CrmModuleOne_offerpr_product_id_dce73bf1_fk_CrmModule; Type: FK CONSTRAINT; Schema: public; Owner: new_crmuser
--

ALTER TABLE ONLY public."CrmModuleOne_offerproduct"
    ADD CONSTRAINT "CrmModuleOne_offerpr_product_id_dce73bf1_fk_CrmModule" FOREIGN KEY (product_id) REFERENCES public."CrmModuleOne_product"(id) DEFERRABLE INITIALLY DEFERRED;


--
-- Name: CrmModuleOne_parcel CrmModuleOne_parcel_lead_id_611ce0f9_fk_CrmModuleOne_prelead_id; Type: FK CONSTRAINT; Schema: public; Owner: new_crmuser
--

ALTER TABLE ONLY public."CrmModuleOne_parcel"
    ADD CONSTRAINT "CrmModuleOne_parcel_lead_id_611ce0f9_fk_CrmModuleOne_prelead_id" FOREIGN KEY (lead_id) REFERENCES public."CrmModuleOne_prelead"(id) DEFERRABLE INITIALLY DEFERRED;


--
-- Name: CrmModuleOne_payment CrmModuleOne_payment_client_id_1b8e76a0_fk_CrmModule; Type: FK CONSTRAINT; Schema: public; Owner: new_crmuser
--

ALTER TABLE ONLY public."CrmModuleOne_payment"
    ADD CONSTRAINT "CrmModuleOne_payment_client_id_1b8e76a0_fk_CrmModule" FOREIGN KEY (client_id) REFERENCES public."CrmModuleOne_client"(id) DEFERRABLE INITIALLY DEFERRED;


--
-- Name: CrmModuleOne_payment CrmModuleOne_payment_invoice_file_id_87c1f847_fk_CrmModule; Type: FK CONSTRAINT; Schema: public; Owner: new_crmuser
--

ALTER TABLE ONLY public."CrmModuleOne_payment"
    ADD CONSTRAINT "CrmModuleOne_payment_invoice_file_id_87c1f847_fk_CrmModule" FOREIGN KEY (invoice_file_id) REFERENCES public."CrmModuleOne_clientfile"(id) DEFERRABLE INITIALLY DEFERRED;


--
-- Name: CrmModuleOne_prelead CrmModuleOne_prelead_user_id_05eaa4a3_fk_auth_user_id; Type: FK CONSTRAINT; Schema: public; Owner: new_crmuser
--

ALTER TABLE ONLY public."CrmModuleOne_prelead"
    ADD CONSTRAINT "CrmModuleOne_prelead_user_id_05eaa4a3_fk_auth_user_id" FOREIGN KEY (user_id) REFERENCES public.auth_user(id) DEFERRABLE INITIALLY DEFERRED;


--
-- Name: CrmModuleOne_product CrmModuleOne_product_category_id_941af14c_fk_CrmModule; Type: FK CONSTRAINT; Schema: public; Owner: new_crmuser
--

ALTER TABLE ONLY public."CrmModuleOne_product"
    ADD CONSTRAINT "CrmModuleOne_product_category_id_941af14c_fk_CrmModule" FOREIGN KEY (category_id) REFERENCES public."CrmModuleOne_productcategory"(id) DEFERRABLE INITIALLY DEFERRED;


--
-- Name: CrmModuleOne_productdocumentrequirement CrmModuleOne_product_document_id_65eaa208_fk_CrmModule; Type: FK CONSTRAINT; Schema: public; Owner: new_crmuser
--

ALTER TABLE ONLY public."CrmModuleOne_productdocumentrequirement"
    ADD CONSTRAINT "CrmModuleOne_product_document_id_65eaa208_fk_CrmModule" FOREIGN KEY (document_id) REFERENCES public."CrmModuleOne_documenttemplate"(id) DEFERRABLE INITIALLY DEFERRED;


--
-- Name: CrmModuleOne_product_required_documents CrmModuleOne_product_documenttemplate_id_51d64ddf_fk_CrmModule; Type: FK CONSTRAINT; Schema: public; Owner: new_crmuser
--

ALTER TABLE ONLY public."CrmModuleOne_product_required_documents"
    ADD CONSTRAINT "CrmModuleOne_product_documenttemplate_id_51d64ddf_fk_CrmModule" FOREIGN KEY (documenttemplate_id) REFERENCES public."CrmModuleOne_documenttemplate"(id) DEFERRABLE INITIALLY DEFERRED;


--
-- Name: CrmModuleOne_productconfiguration CrmModuleOne_product_product_id_13513b3d_fk_CrmModule; Type: FK CONSTRAINT; Schema: public; Owner: new_crmuser
--

ALTER TABLE ONLY public."CrmModuleOne_productconfiguration"
    ADD CONSTRAINT "CrmModuleOne_product_product_id_13513b3d_fk_CrmModule" FOREIGN KEY (product_id) REFERENCES public."CrmModuleOne_product"(id) DEFERRABLE INITIALLY DEFERRED;


--
-- Name: CrmModuleOne_productdocumentrequirement CrmModuleOne_product_product_id_6af0200f_fk_CrmModule; Type: FK CONSTRAINT; Schema: public; Owner: new_crmuser
--

ALTER TABLE ONLY public."CrmModuleOne_productdocumentrequirement"
    ADD CONSTRAINT "CrmModuleOne_product_product_id_6af0200f_fk_CrmModule" FOREIGN KEY (product_id) REFERENCES public."CrmModuleOne_product"(id) DEFERRABLE INITIALLY DEFERRED;


--
-- Name: CrmModuleOne_productattribute CrmModuleOne_product_product_id_a7d3a54e_fk_CrmModule; Type: FK CONSTRAINT; Schema: public; Owner: new_crmuser
--

ALTER TABLE ONLY public."CrmModuleOne_productattribute"
    ADD CONSTRAINT "CrmModuleOne_product_product_id_a7d3a54e_fk_CrmModule" FOREIGN KEY (product_id) REFERENCES public."CrmModuleOne_product"(id) DEFERRABLE INITIALLY DEFERRED;


--
-- Name: CrmModuleOne_product_required_documents CrmModuleOne_product_product_id_ed3fde89_fk_CrmModule; Type: FK CONSTRAINT; Schema: public; Owner: new_crmuser
--

ALTER TABLE ONLY public."CrmModuleOne_product_required_documents"
    ADD CONSTRAINT "CrmModuleOne_product_product_id_ed3fde89_fk_CrmModule" FOREIGN KEY (product_id) REFERENCES public."CrmModuleOne_product"(id) DEFERRABLE INITIALLY DEFERRED;


--
-- Name: CrmModuleOne_profile CrmModuleOne_profile_user_id_a1bfaa91_fk_auth_user_id; Type: FK CONSTRAINT; Schema: public; Owner: new_crmuser
--

ALTER TABLE ONLY public."CrmModuleOne_profile"
    ADD CONSTRAINT "CrmModuleOne_profile_user_id_a1bfaa91_fk_auth_user_id" FOREIGN KEY (user_id) REFERENCES public.auth_user(id) DEFERRABLE INITIALLY DEFERRED;


--
-- Name: CrmModuleOne_subsidyproductcriteria CrmModuleOne_subsidy_option_id_ff56ae2b_fk_CrmModule; Type: FK CONSTRAINT; Schema: public; Owner: new_crmuser
--

ALTER TABLE ONLY public."CrmModuleOne_subsidyproductcriteria"
    ADD CONSTRAINT "CrmModuleOne_subsidy_option_id_ff56ae2b_fk_CrmModule" FOREIGN KEY (option_id) REFERENCES public."CrmModuleOne_subsidyoption"(id) DEFERRABLE INITIALLY DEFERRED;


--
-- Name: CrmModuleOne_subsidyproductcriteria CrmModuleOne_subsidy_product_id_dc6a5995_fk_CrmModule; Type: FK CONSTRAINT; Schema: public; Owner: new_crmuser
--

ALTER TABLE ONLY public."CrmModuleOne_subsidyproductcriteria"
    ADD CONSTRAINT "CrmModuleOne_subsidy_product_id_dc6a5995_fk_CrmModule" FOREIGN KEY (product_id) REFERENCES public."CrmModuleOne_product"(id) DEFERRABLE INITIALLY DEFERRED;


--
-- Name: CrmModuleOne_subsidyoption CrmModuleOne_subsidy_program_id_823328a8_fk_CrmModule; Type: FK CONSTRAINT; Schema: public; Owner: new_crmuser
--

ALTER TABLE ONLY public."CrmModuleOne_subsidyoption"
    ADD CONSTRAINT "CrmModuleOne_subsidy_program_id_823328a8_fk_CrmModule" FOREIGN KEY (program_id) REFERENCES public."CrmModuleOne_subsidyprogram"(id) DEFERRABLE INITIALLY DEFERRED;


--
-- Name: CrmModuleOne_task CrmModuleOne_task_author_id_c158bcb8_fk_auth_user_id; Type: FK CONSTRAINT; Schema: public; Owner: new_crmuser
--

ALTER TABLE ONLY public."CrmModuleOne_task"
    ADD CONSTRAINT "CrmModuleOne_task_author_id_c158bcb8_fk_auth_user_id" FOREIGN KEY (author_id) REFERENCES public.auth_user(id) DEFERRABLE INITIALLY DEFERRED;


--
-- Name: CrmModuleOne_task CrmModuleOne_task_client_id_c07bedf5_fk_CrmModuleOne_client_id; Type: FK CONSTRAINT; Schema: public; Owner: new_crmuser
--

ALTER TABLE ONLY public."CrmModuleOne_task"
    ADD CONSTRAINT "CrmModuleOne_task_client_id_c07bedf5_fk_CrmModuleOne_client_id" FOREIGN KEY (client_id) REFERENCES public."CrmModuleOne_client"(id) DEFERRABLE INITIALLY DEFERRED;


--
-- Name: auth_group_permissions auth_group_permissio_permission_id_84c5c92e_fk_auth_perm; Type: FK CONSTRAINT; Schema: public; Owner: new_crmuser
--

ALTER TABLE ONLY public.auth_group_permissions
    ADD CONSTRAINT auth_group_permissio_permission_id_84c5c92e_fk_auth_perm FOREIGN KEY (permission_id) REFERENCES public.auth_permission(id) DEFERRABLE INITIALLY DEFERRED;


--
-- Name: auth_group_permissions auth_group_permissions_group_id_b120cbf9_fk_auth_group_id; Type: FK CONSTRAINT; Schema: public; Owner: new_crmuser
--

ALTER TABLE ONLY public.auth_group_permissions
    ADD CONSTRAINT auth_group_permissions_group_id_b120cbf9_fk_auth_group_id FOREIGN KEY (group_id) REFERENCES public.auth_group(id) DEFERRABLE INITIALLY DEFERRED;


--
-- Name: auth_permission auth_permission_content_type_id_2f476e4b_fk_django_co; Type: FK CONSTRAINT; Schema: public; Owner: new_crmuser
--

ALTER TABLE ONLY public.auth_permission
    ADD CONSTRAINT auth_permission_content_type_id_2f476e4b_fk_django_co FOREIGN KEY (content_type_id) REFERENCES public.django_content_type(id) DEFERRABLE INITIALLY DEFERRED;


--
-- Name: auth_user_groups auth_user_groups_group_id_97559544_fk_auth_group_id; Type: FK CONSTRAINT; Schema: public; Owner: new_crmuser
--

ALTER TABLE ONLY public.auth_user_groups
    ADD CONSTRAINT auth_user_groups_group_id_97559544_fk_auth_group_id FOREIGN KEY (group_id) REFERENCES public.auth_group(id) DEFERRABLE INITIALLY DEFERRED;


--
-- Name: auth_user_groups auth_user_groups_user_id_6a12ed8b_fk_auth_user_id; Type: FK CONSTRAINT; Schema: public; Owner: new_crmuser
--

ALTER TABLE ONLY public.auth_user_groups
    ADD CONSTRAINT auth_user_groups_user_id_6a12ed8b_fk_auth_user_id FOREIGN KEY (user_id) REFERENCES public.auth_user(id) DEFERRABLE INITIALLY DEFERRED;


--
-- Name: auth_user_user_permissions auth_user_user_permi_permission_id_1fbb5f2c_fk_auth_perm; Type: FK CONSTRAINT; Schema: public; Owner: new_crmuser
--

ALTER TABLE ONLY public.auth_user_user_permissions
    ADD CONSTRAINT auth_user_user_permi_permission_id_1fbb5f2c_fk_auth_perm FOREIGN KEY (permission_id) REFERENCES public.auth_permission(id) DEFERRABLE INITIALLY DEFERRED;


--
-- Name: auth_user_user_permissions auth_user_user_permissions_user_id_a95ead1b_fk_auth_user_id; Type: FK CONSTRAINT; Schema: public; Owner: new_crmuser
--

ALTER TABLE ONLY public.auth_user_user_permissions
    ADD CONSTRAINT auth_user_user_permissions_user_id_a95ead1b_fk_auth_user_id FOREIGN KEY (user_id) REFERENCES public.auth_user(id) DEFERRABLE INITIALLY DEFERRED;


--
-- Name: django_admin_log django_admin_log_content_type_id_c4bce8eb_fk_django_co; Type: FK CONSTRAINT; Schema: public; Owner: new_crmuser
--

ALTER TABLE ONLY public.django_admin_log
    ADD CONSTRAINT django_admin_log_content_type_id_c4bce8eb_fk_django_co FOREIGN KEY (content_type_id) REFERENCES public.django_content_type(id) DEFERRABLE INITIALLY DEFERRED;


--
-- Name: django_admin_log django_admin_log_user_id_c564eba6_fk_auth_user_id; Type: FK CONSTRAINT; Schema: public; Owner: new_crmuser
--

ALTER TABLE ONLY public.django_admin_log
    ADD CONSTRAINT django_admin_log_user_id_c564eba6_fk_auth_user_id FOREIGN KEY (user_id) REFERENCES public.auth_user(id) DEFERRABLE INITIALLY DEFERRED;


--
-- Name: easy_thumbnails_thumbnail easy_thumbnails_thum_source_id_5b57bc77_fk_easy_thum; Type: FK CONSTRAINT; Schema: public; Owner: new_crmuser
--

ALTER TABLE ONLY public.easy_thumbnails_thumbnail
    ADD CONSTRAINT easy_thumbnails_thum_source_id_5b57bc77_fk_easy_thum FOREIGN KEY (source_id) REFERENCES public.easy_thumbnails_source(id) DEFERRABLE INITIALLY DEFERRED;


--
-- Name: easy_thumbnails_thumbnaildimensions easy_thumbnails_thum_thumbnail_id_c3a0c549_fk_easy_thum; Type: FK CONSTRAINT; Schema: public; Owner: new_crmuser
--

ALTER TABLE ONLY public.easy_thumbnails_thumbnaildimensions
    ADD CONSTRAINT easy_thumbnails_thum_thumbnail_id_c3a0c549_fk_easy_thum FOREIGN KEY (thumbnail_id) REFERENCES public.easy_thumbnails_thumbnail(id) DEFERRABLE INITIALLY DEFERRED;


--
-- Name: SCHEMA public; Type: ACL; Schema: -; Owner: pg_database_owner
--

GRANT ALL ON SCHEMA public TO new_crmuser;


--
-- PostgreSQL database dump complete
--

